method,use_morphology,seed,task,global_step,update,episodic_return,episodic_success,policy_loss,value_loss,entropy,approx_kl,clipfrac,distill_kl,distill_std_kl,log_std_mean
kl,False,0,T1,1024,1,21.777498245239258,1.0,-0.010719645768404007,12.920108795166016,2.7527143955230713,0.009376147761940956,0.11051432291666667,0.0,0.0,-0.501433789730072
kl,False,0,T1,2048,2,22.251811981201172,1.0,-0.012905510142445564,16.106101989746094,2.7480478286743164,0.009127002209424973,0.07731119791666667,0.0,0.0,-0.5029705166816711
kl,False,0,T1,3072,3,18.688356399536133,1.0,-0.014458908699452877,13.593487739562988,2.7453978061676025,0.004082343075424433,0.06901041666666667,0.0,0.0,-0.5038248896598816
kl,False,0,T1,4096,4,20.07836151123047,1.0,0.005335021764039993,15.68107795715332,2.742452383041382,0.00394173339009285,0.018229166666666668,0.0,0.0,-0.5048629641532898
kl,False,0,T1,5120,5,18.981332778930664,1.0,-0.0013603498227894306,15.339905738830566,2.7368085384368896,0.0036112212110310793,0.0439453125,0.0,0.0,-0.5067762732505798
kl,False,0,T1,6144,6,18.61674690246582,1.0,-0.00033675506711006165,16.12298583984375,2.7338502407073975,0.002398878103122115,0.04931640625,0.0,0.0,-0.507655918598175
kl,False,0,T1,7168,7,20.418405532836914,1.0,0.0007446333765983582,13.394415855407715,2.731865167617798,0.0026894258335232735,0.034016927083333336,0.0,0.0,-0.5083756446838379
kl,False,0,T1,8192,8,19.084800720214844,1.0,-0.003736458718776703,12.021011352539062,2.727773427963257,0.012059736996889114,0.052083333333333336,0.0,0.0,-0.5097668170928955
kl,False,0,T1,9216,9,17.562606811523438,1.0,-0.007015199400484562,12.142722129821777,2.7222483158111572,0.0045870523899793625,0.0283203125,0.0,0.0,-0.5116219520568848
kl,False,0,T1,10240,10,17.226938247680664,1.0,-0.0158785879611969,11.4461669921875,2.720094919204712,0.011805583722889423,0.0556640625,0.0,0.0,-0.5121999382972717
kl,False,0,T1,11264,11,18.72679901123047,1.0,0.00020006345584988594,11.637063980102539,2.719099283218384,0.0028479043394327164,0.024088541666666668,0.0,0.0,-0.5126590132713318
kl,False,0,T1,12288,12,18.53258514404297,1.0,-0.006940620951354504,11.70229434967041,2.7147295475006104,0.005739589221775532,0.027018229166666668,0.0,0.0,-0.5141218900680542
kl,False,0,T1,13312,13,17.778881072998047,1.0,0.001527390442788601,11.370306968688965,2.7112226486206055,0.005006748251616955,0.01220703125,0.0,0.0,-0.515232264995575
kl,False,0,T1,14336,14,15.98729133605957,1.0,0.001040961593389511,10.588150978088379,2.710874319076538,0.0057923090644180775,0.006510416666666667,0.0,0.0,-0.5153046250343323
kl,False,0,T1,15360,15,17.72313690185547,1.0,-0.015923378989100456,10.42375373840332,2.7122914791107178,0.013018396683037281,0.048990885416666664,0.0,0.0,-0.5147905945777893
kl,False,0,T1,16384,16,19.551654815673828,1.0,-0.0018271440640091896,9.762418746948242,2.712909460067749,0.0005288489628583193,0.0,0.0,0.0,-0.5146633982658386
kl,False,0,T1,17408,17,16.09412384033203,1.0,-0.0023787342943251133,9.024962425231934,2.7126576900482178,0.0058540161699056625,0.011067708333333334,0.0,0.0,-0.5147044658660889
kl,False,0,T1,18432,18,18.771427154541016,1.0,-0.0019406266510486603,9.303194046020508,2.7136716842651367,0.005807218141853809,0.005533854166666667,0.0,0.0,-0.5143552422523499
kl,False,0,T1,19456,19,18.631113052368164,1.0,0.004272635094821453,8.66455364227295,2.7139532566070557,0.005961102433502674,0.031412760416666664,0.0,0.0,-0.5143048763275146
kl,False,0,T1,20480,20,19.07284164428711,1.0,-0.004542676731944084,7.850953578948975,2.713489294052124,0.004712643567472696,0.005208333333333333,0.0,0.0,-0.514445960521698
kl,False,0,T1,21504,21,16.988235473632812,1.0,5.2110059186816216e-05,7.565675735473633,2.713229179382324,0.001064894488081336,0.0,0.0,0.0,-0.514538049697876
kl,False,0,T1,22528,22,19.407852172851562,1.0,-0.0009568522218614817,7.320763111114502,2.7126314640045166,0.000149603933095932,0.0,0.0,0.0,-0.5147424340248108
kl,False,0,T1,23552,23,18.246234893798828,1.0,-0.0028251446783542633,7.272590637207031,2.7123260498046875,0.002186961704865098,0.0003255208333333333,0.0,0.0,-0.5148299336433411
kl,False,0,T1,24576,24,19.41835594177246,1.0,-0.000302058644592762,6.910284042358398,2.712461471557617,0.001280647236853838,0.0,0.0,0.0,-0.5147809386253357
kl,False,0,T1,25600,25,17.29726791381836,1.0,-0.0038958415389060974,6.361566066741943,2.712557077407837,0.0010740968864411116,0.0,0.0,0.0,-0.5147530436515808
kl,False,0,T1,26624,26,17.564607620239258,1.0,-0.00023715104907751083,7.402022838592529,2.712446451187134,0.0008034987840801477,0.0,0.0,0.0,-0.5147916674613953
kl,False,0,T1,27648,27,16.376140594482422,1.0,-0.0015804190188646317,7.042966842651367,2.712404489517212,0.0002590662334114313,0.0,0.0,0.0,-0.514803946018219
kl,False,0,T1,28672,28,19.600326538085938,1.0,-0.00036667007952928543,7.441606044769287,2.712352991104126,5.0899339839816093e-05,0.0,0.0,0.0,-0.5148215293884277
kl,False,0,T1,29696,29,21.590091705322266,1.0,-0.00034405849874019623,7.217100143432617,2.712287664413452,4.7934241592884064e-05,0.0,0.0,0.0,-0.5148438215255737
kl,False,0,T3,30720,1,0.1502765715122223,0.0,0.010838581249117851,4.614739894866943,2.712679147720337,0.012379439547657967,0.06982421875,0.01091577485203743,1.8477439880371094e-06,-0.5146722197532654
kl,False,0,T3,31744,2,0.22411362826824188,0.0,-0.01334419846534729,3.3999204635620117,2.71413516998291,0.011077712289988995,0.09651692708333333,0.018978985026478767,3.5643577575683594e-05,-0.5141683220863342
kl,False,0,T3,32768,3,0.2692777216434479,0.0,0.00207488052546978,3.847468614578247,2.7199535369873047,0.0013228447642177343,0.09830729166666667,0.021033035591244698,9.506940841674805e-05,-0.5121299624443054
kl,False,0,T3,33792,4,0.3423306941986084,0.0,-0.006765858270227909,3.5887603759765625,2.7245988845825195,0.0006757827941328287,0.038736979166666664,0.02043773978948593,0.0001265406608581543,-0.5107151865959167
kl,False,0,T3,34816,5,0.418968141078949,0.0,0.0026440066285431385,2.676298141479492,2.725205421447754,0.003821943188086152,0.036458333333333336,0.034820958971977234,0.00010752677917480469,-0.5105665326118469
kl,False,0,T3,35840,6,0.43115687370300293,0.0,-0.001207243651151657,2.458855390548706,2.7230300903320312,0.005005924962460995,0.03857421875,0.050829242914915085,0.00010281801223754883,-0.5112851858139038
kl,False,0,T3,36864,7,0.4459656774997711,0.0,-0.011226179078221321,2.7395873069763184,2.7213516235351562,0.003627569880336523,0.11376953125,0.03700598329305649,0.0001291036605834961,-0.5118698477745056
kl,False,0,T3,37888,8,0.585936427116394,0.0,-0.007298527285456657,2.099452495574951,2.7188377380371094,0.003916073590517044,0.07210286458333333,0.049839798361063004,0.00013393163681030273,-0.5126869082450867
kl,False,0,T3,38912,9,0.5697430372238159,0.0,-0.012585438787937164,1.7236599922180176,2.7169954776763916,0.004424506798386574,0.03125,0.04128187149763107,0.00014537572860717773,-0.513319730758667
kl,False,0,T3,39936,10,0.3386381268501282,0.0,-0.0057515669614076614,1.278393268585205,2.714935064315796,0.0031402420718222857,0.03759765625,0.040799789130687714,9.077787399291992e-05,-0.5139808058738708
kl,False,0,T3,40960,11,0.2894812226295471,0.0,0.00021965429186820984,1.037636637687683,2.7136895656585693,0.0021330788731575012,0.022298177083333332,0.05073278769850731,0.00012874603271484375,-0.5143651366233826
kl,False,0,T3,41984,12,0.42214053869247437,0.0,0.0008538085967302322,0.9052159786224365,2.7106313705444336,0.004241429269313812,0.016438802083333332,0.043657977133989334,0.00022488832473754883,-0.5154978632926941
kl,False,0,T3,43008,13,0.3877866268157959,0.0,-0.0037187710404396057,0.5120747089385986,2.708477258682251,0.0046143680810928345,0.045247395833333336,0.030974937602877617,0.000251084566116333,-0.516115128993988
kl,False,0,T3,44032,14,0.5252325534820557,0.0,-0.0068640634417533875,0.3921760320663452,2.705197334289551,0.004015747457742691,0.036783854166666664,0.049143679440021515,0.00029289722442626953,-0.5172849297523499
kl,False,0,T3,45056,15,1.0713179111480713,0.0,-0.003183367196470499,0.2735719382762909,2.706800699234009,0.0033175263088196516,0.07356770833333333,0.06129937246441841,0.0003052353858947754,-0.5165939331054688
kl,False,0,T3,46080,16,0.8655566573143005,0.0,-0.00884631834924221,0.19476386904716492,2.7104475498199463,0.004039652179926634,0.055501302083333336,0.08517233282327652,0.00031745433807373047,-0.5154183506965637
kl,False,0,T3,47104,17,1.055518627166748,0.0,-0.006565917283296585,0.11256352066993713,2.7153053283691406,0.0036526976618915796,0.08544921875,0.11072830855846405,0.0003171563148498535,-0.5137514472007751
kl,False,0,T3,48128,18,1.6805676221847534,0.0,-0.023447928950190544,0.15172447264194489,2.7185208797454834,0.004694589413702488,0.12320963541666667,0.1536005586385727,0.0002987384796142578,-0.5127589702606201
kl,False,0,T3,49152,19,2.0097451210021973,0.0,-0.019528720527887344,0.1070399209856987,2.7186295986175537,0.004038246348500252,0.1357421875,0.21641229093074799,0.0002796053886413574,-0.5127432346343994
kl,False,0,T3,50176,20,4.029727935791016,0.0,-0.013920940458774567,0.5003200769424438,2.7168238162994385,0.009048747830092907,0.1416015625,0.3030011057853699,0.0002810359001159668,-0.5133749842643738
kl,False,0,T3,51200,21,12.66132640838623,0.0,-0.008827811107039452,2.4613852500915527,2.7165334224700928,0.00998438335955143,0.017415364583333332,0.4157714545726776,0.00029402971267700195,-0.5134018063545227
kl,False,0,T3,52224,22,8.729573249816895,0.0,-0.004327636212110519,3.493699550628662,2.717468023300171,0.011111438274383545,0.06331380208333333,0.5360801219940186,0.00029909610748291016,-0.5131046772003174
kl,False,0,T3,53248,23,17.88456153869629,0.0,-0.015969710424542427,9.170435905456543,2.717651605606079,0.005948670208454132,0.00634765625,0.6214038729667664,0.0003146529197692871,-0.5130611062049866
kl,False,0,T3,54272,24,19.596887588500977,1.0,-0.003961298614740372,10.043975830078125,2.717339515686035,0.005714171566069126,0.060546875,0.7488844394683838,0.0003262758255004883,-0.513178288936615
kl,False,0,T3,55296,25,20.60178565979004,0.0,0.002672907430678606,15.472668647766113,2.7169606685638428,0.00230192462913692,0.0009765625,0.7266294360160828,0.0003272593021392822,-0.5132876038551331
kl,False,0,T3,56320,26,23.598674774169922,1.0,-0.0010387450456619263,12.785436630249023,2.7169859409332275,0.00024298345670104027,0.0,0.7399311065673828,0.0003466010093688965,-0.5132734179496765
kl,False,0,T3,57344,27,19.043655395507812,1.0,-0.0015105982311069965,14.776630401611328,2.717027425765991,0.00018106773495674133,0.0,0.7691062688827515,0.00034421682357788086,-0.5132631659507751
kl,False,0,T3,58368,28,19.91451072692871,1.0,8.924305438995361e-05,13.234683990478516,2.7169904708862305,4.0760496631264687e-05,0.0,0.7762629389762878,0.00034415721893310547,-0.5132756233215332
kl,False,0,T3,59392,29,19.438753128051758,1.0,-0.00035522691905498505,13.091761589050293,2.716989278793335,1.2478325515985489e-05,0.0,0.7708443999290466,0.00034433603286743164,-0.5132753252983093
kl,False,1,T1,1024,1,5.092994689941406,0.0,-0.015038279816508293,0.5302495360374451,2.7560160160064697,0.010510632768273354,0.20589192708333334,0.0,0.0,-0.5002272725105286
kl,False,1,T1,2048,2,6.273960113525391,0.0,-0.008374613709747791,1.8582777976989746,2.7590808868408203,0.015785031020641327,0.14762369791666666,0.0,0.0,-0.49920234084129333
kl,False,1,T1,3072,3,16.941673278808594,0.0,-0.008441878482699394,4.7270002365112305,2.755199670791626,0.00836887490004301,0.10823567708333333,0.0,0.0,-0.5007250905036926
kl,False,1,T1,4096,4,6.405702590942383,0.0,-0.01182455476373434,6.372942924499512,2.746347665786743,0.005710122641175985,0.08675130208333333,0.0,0.0,-0.5036218166351318
kl,False,1,T1,5120,5,10.556045532226562,0.0,-0.001621035858988762,10.619751930236816,2.743126153945923,0.0048382640816271305,0.07666015625,0.0,0.0,-0.5045923590660095
kl,False,1,T1,6144,6,23.250410079956055,1.0,-0.008090972900390625,13.59423828125,2.7376248836517334,0.0031056359875947237,0.06510416666666667,0.0,0.0,-0.5065509080886841
kl,False,1,T1,7168,7,23.147262573242188,1.0,-0.012218374758958817,14.21683120727539,2.7294023036956787,0.00227340217679739,0.044270833333333336,0.0,0.0,-0.5092893242835999
kl,False,1,T1,8192,8,21.822959899902344,1.0,-0.009235460311174393,13.588312149047852,2.7245044708251953,0.004869443364441395,0.047037760416666664,0.0,0.0,-0.5108023881912231
kl,False,1,T1,9216,9,23.12901496887207,1.0,-0.003063160926103592,12.647159576416016,2.7210233211517334,0.00833204761147499,0.034016927083333336,0.0,0.0,-0.5120168328285217
kl,False,1,T1,10240,10,19.614295959472656,1.0,-0.005634162575006485,13.478187561035156,2.7184693813323975,0.011146413162350655,0.053873697916666664,0.0,0.0,-0.5127894282341003
kl,False,1,T1,11264,11,20.37384605407715,1.0,-0.008587386459112167,12.052942276000977,2.717376470565796,0.010214433073997498,0.033528645833333336,0.0,0.0,-0.5131579637527466
kl,False,1,T1,12288,12,19.00345230102539,1.0,-0.0010091401636600494,10.678930282592773,2.71584415435791,0.004741733893752098,0.0361328125,0.0,0.0,-0.5137085914611816
kl,False,1,T1,13312,13,18.822933197021484,1.0,0.002039363607764244,11.907341003417969,2.713125467300415,0.0022644486743956804,0.00048828125,0.0,0.0,-0.5146183371543884
kl,False,1,T1,14336,14,20.759714126586914,1.0,-0.005756207276135683,12.368152618408203,2.710582971572876,0.006414374336600304,0.02490234375,0.0,0.0,-0.515458881855011
kl,False,1,T1,15360,15,16.960491180419922,1.0,-0.008211721666157246,10.728682518005371,2.708728790283203,0.011423023417592049,0.02880859375,0.0,0.0,-0.5160672068595886
kl,False,1,T1,16384,16,17.64472198486328,1.0,0.0024485327303409576,11.045174598693848,2.706461191177368,0.005326916463673115,0.007975260416666666,0.0,0.0,-0.5168436765670776
kl,False,1,T1,17408,17,23.98935317993164,1.0,0.0016525201499462128,10.127344131469727,2.7050046920776367,0.002554123057052493,0.00244140625,0.0,0.0,-0.5172770023345947
kl,False,1,T1,18432,18,21.167003631591797,1.0,-0.005712540820240974,10.046806335449219,2.704416036605835,0.0067962538450956345,0.0035807291666666665,0.0,0.0,-0.5174910426139832
kl,False,1,T1,19456,19,22.955154418945312,1.0,0.002866482362151146,9.888562202453613,2.7030019760131836,0.004944125190377235,0.015462239583333334,0.0,0.0,-0.5179770588874817
kl,False,1,T1,20480,20,16.3765869140625,1.0,-0.008609852753579617,7.787439346313477,2.7020280361175537,0.003934543579816818,0.017415364583333332,0.0,0.0,-0.518263041973114
kl,False,1,T1,21504,21,19.777379989624023,1.0,-0.0034471545368433,8.635066986083984,2.7018473148345947,0.0010559784714132547,0.0003255208333333333,0.0,0.0,-0.5183324813842773
kl,False,1,T1,22528,22,24.172361373901367,1.0,0.0024910569190979004,8.953615188598633,2.7011525630950928,0.002014157362282276,0.0006510416666666666,0.0,0.0,-0.5185809135437012
kl,False,1,T1,23552,23,16.887792587280273,1.0,-0.0008632335811853409,7.159610748291016,2.700434684753418,0.0006159769836813211,0.0,0.0,0.0,-0.5187996029853821
kl,False,1,T1,24576,24,19.255117416381836,1.0,-0.0005534850060939789,8.116059303283691,2.7002675533294678,0.00017894944176077843,0.0,0.0,0.0,-0.518851101398468
kl,False,1,T1,25600,25,18.66209602355957,1.0,-0.001348353922367096,8.206451416015625,2.700239419937134,0.0015205440577119589,0.0,0.0,0.0,-0.5188587307929993
kl,False,1,T1,26624,26,16.720294952392578,1.0,-0.00021161651238799095,6.843448162078857,2.700145959854126,5.1412731409072876e-05,0.0,0.0,0.0,-0.5188913345336914
kl,False,1,T1,27648,27,21.539203643798828,1.0,-6.891414523124695e-05,7.666380405426025,2.7002222537994385,8.50367359817028e-06,0.0,0.0,0.0,-0.5188619494438171
kl,False,1,T1,28672,28,17.4943904876709,1.0,-5.2100978791713715e-05,7.865269660949707,2.7002084255218506,1.9330298528075218e-05,0.0,0.0,0.0,-0.5188701748847961
kl,False,1,T1,29696,29,18.834196090698242,1.0,0.00019169040024280548,6.9795074462890625,2.700181722640991,1.0327203199267387e-05,0.0,0.0,0.0,-0.518878161907196
kl,False,1,T3,30720,1,0.11765976250171661,0.0,-0.00515156053006649,3.672971487045288,2.6990203857421875,0.009210441261529922,0.023274739583333332,0.008440019562840462,2.8014183044433594e-06,-0.5193485617637634
kl,False,1,T3,31744,2,0.17486457526683807,0.0,-0.005708688870072365,3.8503293991088867,2.6971776485443115,0.003721660003066063,0.053059895833333336,0.001956007909029722,2.276897430419922e-05,-0.5198628902435303
kl,False,1,T3,32768,3,0.1646290123462677,0.0,0.0005509951151907444,3.0128211975097656,2.6992571353912354,0.005411426071077585,0.07405598958333333,0.0021827274467796087,1.0907649993896484e-05,-0.5191923975944519
kl,False,1,T3,33792,4,0.20820876955986023,0.0,0.0009915009140968323,3.4463438987731934,2.6987645626068115,0.0005436190403997898,0.059244791666666664,0.0009929717052727938,3.606081008911133e-05,-0.5193527340888977
kl,False,1,T3,34816,5,0.22032591700553894,0.0,0.0001423237845301628,3.0294189453125,2.6948678493499756,0.0035793797578662634,0.048502604166666664,0.0041915979236364365,8.434057235717773e-05,-0.5207898020744324
kl,False,1,T3,35840,6,0.2925800085067749,0.0,-0.004786394536495209,2.418123245239258,2.691236734390259,0.005691849626600742,0.0419921875,0.012621128000319004,7.849931716918945e-05,-0.5219130516052246
kl,False,1,T3,36864,7,0.20778924226760864,0.0,-0.0033740857616066933,2.141637086868286,2.6924092769622803,0.0031222435645759106,0.06998697916666667,0.009347429499030113,9.071826934814453e-05,-0.5213817358016968
kl,False,1,T3,37888,8,0.27887198328971863,0.0,-0.0047414712607860565,2.0840911865234375,2.6985158920288086,0.0023247061762958765,0.04638671875,0.005634442437440157,7.462501525878906e-05,-0.5193157196044922
kl,False,1,T3,38912,9,0.1099204421043396,0.0,-0.004919152706861496,1.650369644165039,2.7051258087158203,0.007800270803272724,0.019205729166666668,0.020224275067448616,0.00011008977890014648,-0.5171510577201843
kl,False,1,T3,39936,10,0.4488517940044403,0.0,-0.0005405303090810776,1.247161865234375,2.7067413330078125,0.004893068689852953,0.041015625,0.025944307446479797,0.00012814998626708984,-0.5166859030723572
kl,False,1,T3,40960,11,0.35432130098342896,0.0,0.002557976171374321,0.9345114827156067,2.705396890640259,0.00747422780841589,0.03759765625,0.022727396339178085,0.00012063980102539062,-0.5171824097633362
kl,False,1,T3,41984,12,0.5185039043426514,0.0,-0.001020902767777443,0.781093180179596,2.7031736373901367,0.004861500579863787,0.01025390625,0.04267815127968788,0.00013005733489990234,-0.5179084539413452
kl,False,1,T3,43008,13,0.6074219942092896,0.0,-0.004871908575296402,0.5522457957267761,2.7034380435943604,0.009329709224402905,0.06673177083333333,0.07631754130125046,0.00012820959091186523,-0.5177660584449768
kl,False,1,T3,44032,14,0.9376229047775269,0.0,-0.009588157758116722,0.4208125174045563,2.708181381225586,0.0041213203221559525,0.05029296875,0.07977838814258575,0.00012165307998657227,-0.516092836856842
kl,False,1,T3,45056,15,1.0519423484802246,0.0,-0.009209082461893559,0.31463372707366943,2.7093069553375244,0.004957700148224831,0.08610026041666667,0.12294436991214752,0.0001246929168701172,-0.5158737301826477
kl,False,1,T3,46080,16,1.564681053161621,0.0,-0.009258443489670753,0.3017561435699463,2.7081868648529053,0.007376200519502163,0.09016927083333333,0.17688961327075958,0.0001354217529296875,-0.5162251591682434
kl,False,1,T3,47104,17,1.9077584743499756,0.0,-0.010278480127453804,0.2586171329021454,2.710716485977173,0.005407552234828472,0.13395182291666666,0.2500995695590973,0.0001506209373474121,-0.5153222680091858
kl,False,1,T3,48128,18,8.638513565063477,0.125,-0.02410965785384178,2.2468159198760986,2.711547613143921,0.010299211367964745,0.18131510416666666,0.3521493971347809,0.0001576542854309082,-0.5150957107543945
kl,False,1,T3,49152,19,6.951900005340576,0.0,-0.017898419871926308,0.7877624034881592,2.710507392883301,0.009663601405918598,0.07503255208333333,0.4660950005054474,0.0001544952392578125,-0.5154733657836914
kl,False,1,T3,50176,20,10.680800437927246,0.125,-0.022774655371904373,2.480329990386963,2.7095510959625244,0.01350607443600893,0.047526041666666664,0.6102677583694458,0.00015413761138916016,-0.5157663822174072
kl,False,1,T3,51200,21,16.95937728881836,1.0,-0.03463708609342575,8.948312759399414,2.7093255519866943,0.014310572296380997,0.07779947916666667,0.8061553239822388,0.0001544952392578125,-0.5158169865608215
kl,False,1,T3,52224,22,25.312042236328125,1.0,-0.005186181049793959,15.271175384521484,2.7101361751556396,0.0074048880487680435,0.0205078125,0.9285354018211365,0.00016045570373535156,-0.5155392289161682
kl,False,1,T3,53248,23,17.583415985107422,1.0,-0.006643112748861313,14.670938491821289,2.7110841274261475,0.003869785228744149,0.016764322916666668,1.0400491952896118,0.00017893314361572266,-0.515224039554596
kl,False,1,T3,54272,24,19.436569213867188,1.0,0.000597810372710228,14.374909400939941,2.711530923843384,0.00136478035710752,0.0,1.0887211561203003,0.00018644332885742188,-0.5150980949401855
kl,False,1,T3,55296,25,17.749282836914062,1.0,-0.0028226785361766815,14.51559066772461,2.7116219997406006,0.0038890771102160215,0.0026041666666666665,1.1190205812454224,0.0001914501190185547,-0.5150595307350159
kl,False,1,T3,56320,26,19.298385620117188,1.0,-0.005300631746649742,13.970714569091797,2.7118680477142334,0.002003196394070983,0.0009765625,1.104250192642212,0.00020128488540649414,-0.5149722099304199
kl,False,1,T3,57344,27,17.679996490478516,1.0,0.00040589459240436554,12.369416236877441,2.7121164798736572,7.644481956958771e-05,0.0,1.0821350812911987,0.00020575523376464844,-0.5148985385894775
kl,False,1,T3,58368,28,18.418039321899414,1.0,-0.0004832148551940918,13.451869010925293,2.7121317386627197,1.9035302102565765e-05,0.0,1.0949100255966187,0.00020635128021240234,-0.5148946642875671
kl,False,1,T3,59392,29,17.37822914123535,1.0,-1.7481856048107147e-05,12.87487506866455,2.7121505737304688,1.9278377294540405e-07,0.0,1.0930731296539307,0.0002067089080810547,-0.5148878693580627
kl,False,2,T1,1024,1,0.3512282073497772,0.0,-0.03468324616551399,0.012231843546032906,2.769559621810913,0.012005044147372246,0.24267578125,0.0,0.0,-0.4955570697784424
kl,False,2,T1,2048,2,0.7197829484939575,0.0,-0.022487670183181763,0.038673996925354004,2.7763845920562744,0.012949553318321705,0.3367513020833333,0.0,0.0,-0.49343588948249817
kl,False,2,T1,3072,3,1.5720959901809692,0.0,-0.020120741799473763,0.07388825714588165,2.7822935581207275,0.015097116120159626,0.23665364583333334,0.0,0.0,-0.4914204776287079
kl,False,2,T1,4096,4,1.4357984066009521,0.0,-0.014035031199455261,0.10201609134674072,2.7861690521240234,0.0090037165209651,0.18961588541666666,0.0,0.0,-0.49019935727119446
kl,False,2,T1,5120,5,4.852819442749023,0.0,-0.014604596421122551,0.3120964765548706,2.789189338684082,0.008323430083692074,0.17057291666666666,0.0,0.0,-0.48916587233543396
kl,False,2,T1,6144,6,9.721341133117676,0.0,-0.026354879140853882,2.002138376235962,2.790079355239868,0.009359327144920826,0.12174479166666667,0.0,0.0,-0.4889356791973114
kl,False,2,T1,7168,7,22.193443298339844,1.0,-0.014669116586446762,7.208128452301025,2.7887017726898193,0.009172480553388596,0.09228515625,0.0,0.0,-0.4894060790538788
kl,False,2,T1,8192,8,13.02320671081543,0.0,-0.004131816327571869,11.435420036315918,2.7882509231567383,0.008129691705107689,0.042805989583333336,0.0,0.0,-0.48948904871940613
kl,False,2,T1,9216,9,25.377824783325195,0.0,-0.001271551474928856,9.865692138671875,2.7903425693511963,0.016392230987548828,0.07194010416666667,0.0,0.0,-0.48879197239875793
kl,False,2,T1,10240,10,21.156612396240234,1.0,0.0005345218814909458,14.704514503479004,2.7928354740142822,0.0065840911120176315,0.06201171875,0.0,0.0,-0.4879530966281891
kl,False,2,T1,11264,11,22.05345916748047,1.0,-0.008485883474349976,14.196813583374023,2.793729543685913,0.00993490219116211,0.06998697916666667,0.0,0.0,-0.4877185821533203
kl,False,2,T1,12288,12,18.94509506225586,1.0,-0.0013677128590643406,14.15503215789795,2.7933499813079834,0.007818258367478848,0.0615234375,0.0,0.0,-0.48781439661979675
kl,False,2,T1,13312,13,20.70301628112793,1.0,-0.021316859871149063,11.742298126220703,2.793937921524048,0.013733522035181522,0.048014322916666664,0.0,0.0,-0.4876054525375366
kl,False,2,T1,14336,14,17.330732345581055,1.0,-0.011043839156627655,13.14654541015625,2.794675827026367,0.006934612989425659,0.0234375,0.0,0.0,-0.4873782694339752
kl,False,2,T1,15360,15,18.109453201293945,1.0,-0.008753315545618534,12.45439624786377,2.795332193374634,0.006369434297084808,0.009114583333333334,0.0,0.0,-0.4871235191822052
kl,False,2,T1,16384,16,19.00410270690918,1.0,-0.0016137612983584404,12.426542282104492,2.7964935302734375,0.004802050068974495,0.006184895833333333,0.0,0.0,-0.48677846789360046
kl,False,2,T1,17408,17,18.90711784362793,1.0,-0.0010874327272176743,11.865704536437988,2.7955973148345947,0.0038071158342063427,0.034993489583333336,0.0,0.0,-0.48710885643959045
kl,False,2,T1,18432,18,17.805484771728516,1.0,-0.0008673742413520813,11.467379570007324,2.7943570613861084,0.006920631974935532,0.02001953125,0.0,0.0,-0.48749569058418274
kl,False,2,T1,19456,19,16.249744415283203,1.0,-0.00022094137966632843,10.321208000183105,2.7943308353424072,0.011329956352710724,0.02978515625,0.0,0.0,-0.4874805510044098
kl,False,2,T1,20480,20,17.40407371520996,1.0,-0.002207639627158642,9.454206466674805,2.793999671936035,0.006206860765814781,0.014973958333333334,0.0,0.0,-0.4876392185688019
kl,False,2,T1,21504,21,18.10718536376953,1.0,-0.0015693367458879948,9.171743392944336,2.792856216430664,0.004811089485883713,0.021158854166666668,0.0,0.0,-0.48800384998321533
kl,False,2,T1,22528,22,15.74129867553711,1.0,-0.0011177510023117065,9.123226165771484,2.7921526432037354,0.0016848994418978691,0.0,0.0,0.0,-0.48823413252830505
kl,False,2,T1,23552,23,14.726102828979492,1.0,-0.005650706589221954,10.05695629119873,2.7917630672454834,0.0013069638516753912,0.0,0.0,0.0,-0.48835718631744385
kl,False,2,T1,24576,24,17.739530563354492,1.0,-0.001053355634212494,9.504889488220215,2.791520833969116,0.0004434629809111357,0.0,0.0,0.0,-0.4884355366230011
kl,False,2,T1,25600,25,17.83099937438965,1.0,-0.0035953475162386894,7.862306118011475,2.791370391845703,0.0008119770791381598,0.0,0.0,0.0,-0.48848700523376465
kl,False,2,T1,26624,26,15.67196273803711,1.0,-0.000715211033821106,7.857658386230469,2.791278600692749,0.0002615514677017927,0.0,0.0,0.0,-0.48851194977760315
kl,False,2,T1,27648,27,16.32756996154785,1.0,-0.0006880848668515682,7.021944522857666,2.791168451309204,0.00025838171131908894,0.0,0.0,0.0,-0.48855113983154297
kl,False,2,T1,28672,28,16.299591064453125,1.0,-0.0006498396396636963,8.052070617675781,2.791063070297241,8.536805398762226e-05,0.0,0.0,0.0,-0.48858562111854553
kl,False,2,T1,29696,29,18.150718688964844,1.0,-0.0003626011312007904,7.066731929779053,2.7910420894622803,4.752539098262787e-06,0.0,0.0,0.0,-0.48859134316444397
kl,False,2,T3,30720,1,-0.025675948709249496,0.0,-0.011250670999288559,2.7860965728759766,2.792116165161133,0.007020993158221245,0.047200520833333336,0.007263345643877983,1.4901161193847656e-06,-0.4881315231323242
kl,False,2,T3,31744,2,0.1492932289838791,0.0,-0.0035988856106996536,2.8686771392822266,2.7907629013061523,0.0005902887787669897,0.03125,0.004374922253191471,3.796815872192383e-05,-0.4888012707233429
kl,False,2,T3,32768,3,0.19522488117218018,0.0,-0.0027104010805487633,2.176248073577881,2.7919654846191406,0.005543354898691177,0.054361979166666664,0.006173976231366396,9.942054748535156e-05,-0.48817482590675354
kl,False,2,T3,33792,4,0.11140823364257812,0.0,0.004546627402305603,2.838528871536255,2.7938573360443115,0.010569924488663673,0.057942708333333336,0.009793711826205254,9.936094284057617e-05,-0.4876960515975952
kl,False,2,T3,34816,5,0.06706295907497406,0.0,-0.008057909086346626,2.4251112937927246,2.7936487197875977,0.001880967291072011,0.037760416666666664,0.015698082745075226,0.00012052059173583984,-0.4877108633518219
kl,False,2,T3,35840,6,0.012209600768983364,0.0,-0.0032829223200678825,1.9475003480911255,2.7897586822509766,0.00208600633777678,0.032063802083333336,0.014700489118695259,0.00018781423568725586,-0.489154577255249
kl,False,2,T3,36864,7,0.2373708188533783,0.0,-0.0037032514810562134,1.6014351844787598,2.788445472717285,0.003615274792537093,0.0224609375,0.009026588872075081,0.0001995563507080078,-0.48941493034362793
kl,False,2,T3,37888,8,0.0729643702507019,0.0,0.006025906652212143,1.3855807781219482,2.783792495727539,0.0029212383087724447,0.0361328125,0.007971812970936298,0.0002588033676147461,-0.49116626381874084
kl,False,2,T3,38912,9,0.17546144127845764,0.0,0.007014503702521324,1.1662886142730713,2.779836893081665,0.0036640632897615433,0.02685546875,0.004141252487897873,0.00038176774978637695,-0.492352157831192
kl,False,2,T3,39936,10,0.08369994908571243,0.0,-0.009295329451560974,0.8734503388404846,2.7766969203948975,0.0034554721787571907,0.026529947916666668,0.005433297250419855,0.0005295872688293457,-0.4934639632701874
kl,False,2,T3,40960,11,0.16125048696994781,0.0,-0.016035377979278564,0.7479147911071777,2.7769200801849365,0.013910002075135708,0.11018880208333333,0.009258805774152279,0.0006930828094482422,-0.4932785928249359
kl,False,2,T3,41984,12,0.1576252579689026,0.0,-0.007914617657661438,0.5201834440231323,2.7756853103637695,0.004761270247399807,0.035807291666666664,0.01917467825114727,0.0008459091186523438,-0.4937523305416107
kl,False,2,T3,43008,13,0.17764580249786377,0.0,-0.002448861952871084,0.38547375798225403,2.7758188247680664,0.005594458431005478,0.046549479166666664,0.025272559374570847,0.001063704490661621,-0.49363985657691956
kl,False,2,T3,44032,14,0.19324293732643127,0.0,0.007591133937239647,0.23578108847141266,2.7772905826568604,0.0038355893921107054,0.035481770833333336,0.04705487936735153,0.0012766122817993164,-0.49315834045410156
kl,False,2,T3,45056,15,0.4566009044647217,0.0,-0.0059820618480443954,0.13830123841762543,2.774635076522827,0.004450175911188126,0.04443359375,0.07528787106275558,0.0015553832054138184,-0.4941457211971283
kl,False,2,T3,46080,16,0.3156186640262604,0.0,-0.004817771725356579,0.0891634076833725,2.7715063095092773,0.004754448775202036,0.07584635416666667,0.0894230380654335,0.0017309188842773438,-0.49514713883399963
kl,False,2,T3,47104,17,0.3574898838996887,0.0,-0.0007857698947191238,0.03761476278305054,2.774007558822632,0.00521134864538908,0.061686197916666664,0.12068347632884979,0.001860499382019043,-0.4942200183868408
kl,False,2,T3,48128,18,0.8445128202438354,0.0,-0.007001485675573349,0.03418366611003876,2.7773492336273193,0.00406175572425127,0.06526692708333333,0.1525443196296692,0.0019665956497192383,-0.4931313097476959
kl,False,2,T3,49152,19,0.8732163906097412,0.0,-0.02905810996890068,0.02253640443086624,2.7791173458099365,0.007547857705503702,0.15364583333333334,0.19334909319877625,0.0021378397941589355,-0.4925401508808136
kl,False,2,T3,50176,20,1.1209368705749512,0.0,-0.010546359233558178,0.027461521327495575,2.7793843746185303,0.0087563656270504,0.13639322916666666,0.2762681841850281,0.0023553967475891113,-0.4924907684326172
kl,False,2,T3,51200,21,2.456263542175293,0.0,-0.028675399720668793,0.11666831374168396,2.780393362045288,0.02261681854724884,0.146484375,0.42492911219596863,0.002476334571838379,-0.4921185076236725
kl,False,2,T3,52224,22,5.941624641418457,0.0,-0.01832336001098156,0.8290414810180664,2.781656503677368,0.015216625295579433,0.07942708333333333,0.5075173377990723,0.0025092363357543945,-0.4916975498199463
kl,False,2,T3,53248,23,8.199106216430664,0.0,-0.029946476221084595,3.0623843669891357,2.782174825668335,0.011193168349564075,0.029296875,0.6781889796257019,0.002507805824279785,-0.49154892563819885
kl,False,2,T3,54272,24,15.71617603302002,0.5,-0.0013419585302472115,6.177068710327148,2.7818868160247803,0.0104023152962327,0.02685546875,0.795619785785675,0.0025153160095214844,-0.49165773391723633
kl,False,2,T3,55296,25,20.9293155670166,1.0,0.002359386533498764,13.700933456420898,2.781808853149414,0.004800112452358007,0.005208333333333333,0.9522181749343872,0.0025343894958496094,-0.4916558563709259
kl,False,2,T3,56320,26,19.587448120117188,1.0,-0.0003498820587992668,15.651388168334961,2.782081365585327,0.0005734912119805813,0.0,0.9605414867401123,0.0025453567504882812,-0.4915783405303955
kl,False,2,T3,57344,27,20.79817008972168,1.0,-0.000373300164937973,16.426231384277344,2.7821061611175537,0.00046374788507819176,0.0,0.946982204914093,0.0025447607040405273,-0.4915691912174225
kl,False,2,T3,58368,28,20.330503463745117,1.0,-0.0004980731755495071,15.651132583618164,2.7821314334869385,6.350921466946602e-06,0.0,0.9385244846343994,0.002547144889831543,-0.49156105518341064
kl,False,2,T3,59392,29,25.892868041992188,1.0,-4.584901034832001e-05,14.121944427490234,2.782165765762329,6.495043635368347e-06,0.0,0.9442936778068542,0.0025481581687927246,-0.4915492534637451
kl,False,3,T1,1024,1,-0.3618023991584778,0.0,-0.020557787269353867,0.0008491005864925683,2.7491986751556396,0.012425791472196579,0.19791666666666666,0.0,0.0,-0.5026662945747375
kl,False,3,T1,2048,2,-0.34437644481658936,0.0,0.0026546791195869446,0.0014160696882754564,2.739976644515991,0.004587517119944096,0.037923177083333336,0.0,0.0,-0.5057268738746643
kl,False,3,T1,3072,3,-0.3001105785369873,0.0,-0.018262047320604324,0.001228709821589291,2.729306936264038,0.005953551270067692,0.10709635416666667,0.0,0.0,-0.5093550086021423
kl,False,3,T1,4096,4,-0.21492210030555725,0.0,-0.005927780643105507,0.0019509022822603583,2.7195050716400146,0.00681157223880291,0.057454427083333336,0.0,0.0,-0.512566328048706
kl,False,3,T1,5120,5,-0.23597191274166107,0.0,0.0020247921347618103,0.0017017298378050327,2.717641592025757,0.00570426881313324,0.062337239583333336,0.0,0.0,-0.5130385756492615
kl,False,3,T1,6144,6,-0.22257739305496216,0.0,-0.01629394106566906,0.0014977882383391261,2.713521718978882,0.004542510025203228,0.10302734375,0.0,0.0,-0.514565110206604
kl,False,3,T1,7168,7,-0.14415103197097778,0.0,-0.007630662992596626,0.001167125883512199,2.7064409255981445,0.012439170852303505,0.12809244791666666,0.0,0.0,-0.5169017910957336
kl,False,3,T1,8192,8,-0.1521979421377182,0.0,-0.01432183850556612,0.0010019929613918066,2.7043943405151367,0.005604426376521587,0.13118489583333334,0.0,0.0,-0.5174843668937683
kl,False,3,T1,9216,9,-0.04323452338576317,0.0,-0.010967634618282318,0.0010903662769123912,2.702078104019165,0.01055897306650877,0.13346354166666666,0.0,0.0,-0.5183217525482178
kl,False,3,T1,10240,10,0.002196144312620163,0.0,-0.022436151280999184,0.001127227209508419,2.7010762691497803,0.00833759643137455,0.21256510416666666,0.0,0.0,-0.5185734629631042
kl,False,3,T1,11264,11,0.03481801599264145,0.0,-0.016403820365667343,0.00129577552434057,2.701728582382202,0.007853261195123196,0.24039713541666666,0.0,0.0,-0.5183765888214111
kl,False,3,T1,12288,12,0.3819906711578369,0.0,-0.02612379752099514,0.009219817817211151,2.702606439590454,0.007550705224275589,0.23470052083333334,0.0,0.0,-0.5180487632751465
kl,False,3,T1,13312,13,0.8727444410324097,0.0,-0.0016449932008981705,0.030658133327960968,2.704463005065918,0.016802381724119186,0.14469401041666666,0.0,0.0,-0.517455518245697
kl,False,3,T1,14336,14,1.517405390739441,0.0,-0.014048636890947819,0.029387518763542175,2.702340841293335,0.011524021625518799,0.17643229166666666,0.0,0.0,-0.5182135105133057
kl,False,3,T1,15360,15,2.299856662750244,0.0,-0.023293573409318924,0.0749509185552597,2.697091817855835,0.01117601990699768,0.13704427083333334,0.0,0.0,-0.5199967622756958
kl,False,3,T1,16384,16,3.315392017364502,0.0,-0.004634360782802105,0.2386726588010788,2.6960432529449463,0.01903865486383438,0.13509114583333334,0.0,0.0,-0.5202434659004211
kl,False,3,T1,17408,17,5.6269402503967285,0.0,-0.025124013423919678,0.7581743001937866,2.6948163509368896,0.020309794694185257,0.16194661458333334,0.0,0.0,-0.5207075476646423
kl,False,3,T1,18432,18,16.873891830444336,0.0,-0.0023780930787324905,5.622462749481201,2.6949503421783447,0.01244304794818163,0.037760416666666664,0.0,0.0,-0.5206122994422913
kl,False,3,T1,19456,19,17.877071380615234,0.25,-0.0025014840066432953,9.81533145904541,2.6946732997894287,0.011499602347612381,0.06998697916666667,0.0,0.0,-0.5207366347312927
kl,False,3,T1,20480,20,19.360761642456055,1.0,-0.005755160003900528,12.857352256774902,2.6937978267669678,0.011066232807934284,0.048177083333333336,0.0,0.0,-0.5210172533988953
kl,False,3,T1,21504,21,26.8572940826416,1.0,0.001981377601623535,13.866994857788086,2.6940813064575195,0.00642260629683733,0.025553385416666668,0.0,0.0,-0.5208906531333923
kl,False,3,T1,22528,22,20.101146697998047,1.0,0.004855679348111153,12.362775802612305,2.6944971084594727,0.0037450685631483793,0.0017903645833333333,0.0,0.0,-0.5207783579826355
kl,False,3,T1,23552,23,21.368438720703125,1.0,-0.014144213870167732,11.857349395751953,2.6941888332366943,0.008995362557470798,0.03173828125,0.0,0.0,-0.5208787322044373
kl,False,3,T1,24576,24,17.41717529296875,0.0,-0.005289040505886078,13.141775131225586,2.6940908432006836,0.0014340183697640896,0.0,0.0,0.0,-0.5209113955497742
kl,False,3,T1,25600,25,18.062978744506836,1.0,0.003588050603866577,12.297333717346191,2.694108724594116,0.002065393142402172,0.00016276041666666666,0.0,0.0,-0.5209004282951355
kl,False,3,T1,26624,26,19.177101135253906,1.0,-0.002498476766049862,12.490782737731934,2.6939756870269775,0.002377090509980917,0.00016276041666666666,0.0,0.0,-0.5209603309631348
kl,False,3,T1,27648,27,22.117019653320312,1.0,-0.003037090413272381,12.331209182739258,2.6937179565429688,0.00020877993665635586,0.0,0.0,0.0,-0.5210329294204712
kl,False,3,T1,28672,28,19.036035537719727,1.0,-0.001353967934846878,11.522573471069336,2.6936779022216797,0.00010601663962006569,0.0,0.0,0.0,-0.5210466384887695
kl,False,3,T1,29696,29,19.013648986816406,1.0,-0.000907575711607933,13.001206398010254,2.6936628818511963,1.927744597196579e-05,0.0,0.0,0.0,-0.5210509896278381
kl,False,3,T3,30720,1,0.4345630407333374,0.0,-0.007504254579544067,0.8954932689666748,2.693528175354004,0.0049957772716879845,0.004557291666666667,0.004853701218962669,1.8477439880371094e-06,-0.52109295129776
kl,False,3,T3,31744,2,0.6645410060882568,0.0,-0.0012573115527629852,0.9299980401992798,2.6872270107269287,0.004422144964337349,0.042643229166666664,0.015090275555849075,4.124641418457031e-05,-0.5233526229858398
kl,False,3,T3,32768,3,0.9442593455314636,0.0,-0.004710659850388765,0.6348307728767395,2.6843130588531494,0.0030584177002310753,0.032552083333333336,0.029734257608652115,7.75456428527832e-05,-0.5241124033927917
kl,False,3,T3,33792,4,0.929073691368103,0.0,0.0007661152631044388,0.5442811846733093,2.6878468990325928,0.008859927766025066,0.07926432291666667,0.06740573793649673,6.35981559753418e-05,-0.5229282379150391
kl,False,3,T3,34816,5,0.9999080896377563,0.0,-0.005728229880332947,0.47203221917152405,2.6868207454681396,0.006166977807879448,0.0341796875,0.11106423288583755,3.1888484954833984e-05,-0.5234028697013855
kl,False,3,T3,35840,6,2.6048684120178223,0.0,-0.007986331358551979,0.3665294051170349,2.686433792114258,0.009081634692847729,0.10514322916666667,0.13125967979431152,2.9981136322021484e-05,-0.5234389901161194
kl,False,3,T3,36864,7,4.0689544677734375,0.0,-0.020904051139950752,0.9347427487373352,2.690563440322876,0.008411022834479809,0.142578125,0.1738898754119873,2.568960189819336e-05,-0.5219858288764954
kl,False,3,T3,37888,8,5.119530200958252,0.0,-0.026435213163495064,1.3145149946212769,2.6898610591888428,0.010252079926431179,0.14046223958333334,0.25422152876853943,3.832578659057617e-05,-0.5224053263664246
kl,False,3,T3,38912,9,11.230061531066895,0.0,-0.004131855443120003,2.8453805446624756,2.689249038696289,0.003698308952152729,0.07291666666666667,0.313129186630249,3.653764724731445e-05,-0.5224922895431519
kl,False,3,T3,39936,10,10.684142112731934,0.1428571492433548,-0.01453683152794838,2.6658875942230225,2.6880712509155273,0.006779687479138374,0.10986328125,0.40006428956985474,4.363059997558594e-05,-0.5229679942131042
kl,False,3,T3,40960,11,28.111534118652344,0.0,-0.023611722514033318,6.458623886108398,2.687511682510376,0.00746145099401474,0.08935546875,0.4954402446746826,4.971027374267578e-05,-0.523097813129425
kl,False,3,T3,41984,12,18.071014404296875,1.0,-0.009058550000190735,5.0244035720825195,2.688288688659668,0.015561921522021294,0.057779947916666664,0.6307242512702942,4.774332046508789e-05,-0.5228332281112671
kl,False,3,T3,43008,13,18.62531852722168,1.0,-0.01843949407339096,12.815402030944824,2.689077615737915,0.007153526414185762,0.06201171875,0.6987523436546326,4.9948692321777344e-05,-0.5225462317466736
kl,False,3,T3,44032,14,18.65220069885254,1.0,-0.010384291410446167,11.282196044921875,2.6905157566070557,0.009478680789470673,0.016927083333333332,0.8645316958427429,4.863739013671875e-05,-0.5220611095428467
kl,False,3,T3,45056,15,13.757548332214355,0.0,-0.015081834979355335,10.913476943969727,2.692711114883423,0.0070840343832969666,0.0126953125,0.9563168883323669,4.5418739318847656e-05,-0.5213227868080139
kl,False,3,T3,46080,16,19.36162757873535,1.0,-0.0043702758848667145,12.233427047729492,2.6934854984283447,0.005562892183661461,0.01025390625,0.9636411666870117,5.251169204711914e-05,-0.5211319923400879
kl,False,3,T3,47104,17,18.451122283935547,1.0,0.008303647860884666,12.51742172241211,2.693636894226074,0.009659301489591599,0.03125,0.847976803779602,6.93202018737793e-05,-0.5210268497467041
kl,False,3,T3,48128,18,19.613439559936523,1.0,-0.0030520260334014893,11.672289848327637,2.6950197219848633,0.002919054590165615,0.0146484375,0.8144690990447998,8.624792098999023e-05,-0.5205724239349365
kl,False,3,T3,49152,19,19.79389762878418,1.0,-0.008312389254570007,11.451957702636719,2.6959035396575928,0.002669156761839986,0.0,0.8481054902076721,8.672475814819336e-05,-0.5202866196632385
kl,False,3,T3,50176,20,28.076936721801758,1.0,0.0011351490393280983,11.765242576599121,2.69657039642334,0.0014106170274317265,0.021647135416666668,0.8592752814292908,8.112192153930664e-05,-0.5200586915016174
kl,False,3,T3,51200,21,19.509572982788086,1.0,-0.011301811784505844,9.882706642150879,2.696930170059204,0.0057213520631194115,0.029622395833333332,0.778580904006958,8.589029312133789e-05,-0.5199697613716125
kl,False,3,T3,52224,22,17.3045711517334,1.0,-0.0024823732674121857,9.495978355407715,2.6969823837280273,0.0005568948108702898,0.0,0.7867067456245422,9.548664093017578e-05,-0.5199337601661682
kl,False,3,T3,53248,23,20.40351104736328,1.0,-0.002061888575553894,9.213022232055664,2.6972062587738037,0.000983433099463582,0.0,0.8241180181503296,0.00010263919830322266,-0.5198758244514465
kl,False,3,T3,54272,24,19.140010833740234,1.0,0.00514572486281395,9.360034942626953,2.6971547603607178,0.0020619092974811792,0.0,0.8896399736404419,0.00010704994201660156,-0.5198836326599121
kl,False,3,T3,55296,25,18.182838439941406,1.0,0.0020032208412885666,9.135286331176758,2.6972978115081787,0.0003165225498378277,0.0,0.9184094667434692,0.00011092424392700195,-0.5198352932929993
kl,False,3,T3,56320,26,16.40299415588379,1.0,-0.0009777601808309555,8.290149688720703,2.6973626613616943,8.978461846709251e-05,0.0,0.9062588214874268,0.00011330842971801758,-0.519817590713501
kl,False,3,T3,57344,27,20.33460235595703,1.0,1.5038996934890747e-05,7.747218608856201,2.697368860244751,8.47384799271822e-05,0.0,0.9083845019340515,0.0001125335693359375,-0.5198155045509338
kl,False,3,T3,58368,28,15.934906959533691,1.0,0.0014438740909099579,7.867398262023926,2.6973726749420166,0.00012978771701455116,0.0,0.9089383482933044,0.00011241436004638672,-0.5198140144348145
kl,False,3,T3,59392,29,19.70987892150879,1.0,0.00018566055223345757,8.850717544555664,2.6973745822906494,1.5481840819120407e-05,0.0,0.902738630771637,0.00011271238327026367,-0.5198133587837219
kl,False,4,T1,1024,1,10.945596694946289,0.0,-0.012591209262609482,5.428833961486816,2.7576372623443604,0.007506415247917175,0.1748046875,0.0,0.0,-0.49974656105041504
kl,False,4,T1,2048,2,31.93846321105957,1.0,-0.017206164076924324,11.316740036010742,2.754528045654297,0.004691870883107185,0.07877604166666667,0.0,0.0,-0.5008514523506165
kl,False,4,T1,3072,3,27.144346237182617,1.0,-0.011677714064717293,7.751187324523926,2.7488670349121094,0.010157044045627117,0.10823567708333333,0.0,0.0,-0.5027788281440735
kl,False,4,T1,4096,4,22.05500602722168,1.0,-0.0073483847081661224,14.42701530456543,2.7406694889068604,0.0071806591004133224,0.05224609375,0.0,0.0,-0.5055537223815918
kl,False,4,T1,5120,5,25.48369598388672,1.0,-0.006620511412620544,13.045927047729492,2.734755516052246,0.00261822366155684,0.06315104166666667,0.0,0.0,-0.5074238777160645
kl,False,4,T1,6144,6,18.810443878173828,1.0,-0.013032615184783936,13.116832733154297,2.7307074069976807,0.0024620387703180313,0.080078125,0.0,0.0,-0.5087838172912598
kl,False,4,T1,7168,7,19.11032485961914,1.0,-0.005627024918794632,12.940620422363281,2.728475332260132,0.010380422696471214,0.072265625,0.0,0.0,-0.509437084197998
kl,False,4,T1,8192,8,19.0498046875,1.0,-0.0040701087564229965,13.302806854248047,2.7286813259124756,0.006071134470403194,0.010904947916666666,0.0,0.0,-0.5093795657157898
kl,False,4,T1,9216,9,20.538366317749023,1.0,0.00033600442111492157,12.530712127685547,2.7293949127197266,0.014154613018035889,0.032877604166666664,0.0,0.0,-0.5091140866279602
kl,False,4,T1,10240,10,20.255800247192383,1.0,-0.002104867249727249,13.275152206420898,2.7309322357177734,0.004929056391119957,0.022623697916666668,0.0,0.0,-0.5085911154747009
kl,False,4,T1,11264,11,19.711660385131836,1.0,0.0045241741463541985,12.490335464477539,2.733999013900757,0.006607645191252232,0.0234375,0.0,0.0,-0.5075146555900574
kl,False,4,T1,12288,12,22.696552276611328,1.0,-0.011889953166246414,12.030621528625488,2.736452341079712,0.011165829375386238,0.0419921875,0.0,0.0,-0.5067676901817322
kl,False,4,T1,13312,13,17.876676559448242,1.0,-0.007974714040756226,11.417741775512695,2.736389398574829,0.00661353999748826,0.033854166666666664,0.0,0.0,-0.506845235824585
kl,False,4,T1,14336,14,20.910354614257812,1.0,-0.009540533646941185,10.601497650146484,2.7350690364837646,0.006346243433654308,0.025227864583333332,0.0,0.0,-0.5072686076164246
kl,False,4,T1,15360,15,20.412561416625977,1.0,0.0024540089070796967,9.986373901367188,2.7344815731048584,0.0015482627786695957,0.014485677083333334,0.0,0.0,-0.507441520690918
kl,False,4,T1,16384,16,22.800216674804688,1.0,0.0005083214491605759,10.085610389709473,2.734196662902832,0.0024269197601825,0.012044270833333334,0.0,0.0,-0.5075567960739136
kl,False,4,T1,17408,17,18.36623191833496,1.0,-0.0042249225080013275,9.012186050415039,2.7333250045776367,0.006883838213980198,0.01171875,0.0,0.0,-0.5078508257865906
kl,False,4,T1,18432,18,25.958215713500977,1.0,0.002286035567522049,8.507254600524902,2.731668472290039,0.0010001123882830143,0.0,0.0,0.0,-0.5084317922592163
kl,False,4,T1,19456,19,21.18045425415039,1.0,-0.007956093177199364,9.57760238647461,2.7300665378570557,0.004303391091525555,0.0068359375,0.0,0.0,-0.5089348554611206
kl,False,4,T1,20480,20,17.459720611572266,1.0,-0.00012526847422122955,8.792776107788086,2.729358434677124,0.0002365419641137123,0.0,0.0,0.0,-0.5091690421104431
kl,False,4,T1,21504,21,17.787019729614258,1.0,-0.008621947839856148,8.00815200805664,2.7292025089263916,0.0014852213207632303,0.0,0.0,0.0,-0.5091948509216309
kl,False,4,T1,22528,22,19.89746856689453,1.0,0.001939011737704277,7.919807434082031,2.7293081283569336,0.0016238200478255749,0.0003255208333333333,0.0,0.0,-0.5091711282730103
kl,False,4,T1,23552,23,17.42238426208496,1.0,0.005976758897304535,7.205968856811523,2.7292726039886475,0.00046012853272259235,0.0,0.0,0.0,-0.5091819763183594
kl,False,4,T1,24576,24,19.520523071289062,1.0,-0.0021946802735328674,7.55040168762207,2.729219436645508,0.000342048704624176,0.0,0.0,0.0,-0.5092005133628845
kl,False,4,T1,25600,25,20.697866439819336,1.0,-0.0011470317840576172,7.368122100830078,2.72922420501709,0.00022557959891855717,0.0,0.0,0.0,-0.5092000961303711
kl,False,4,T1,26624,26,17.532527923583984,1.0,-0.002283504232764244,6.59044885635376,2.7291834354400635,0.00026076892390847206,0.0,0.0,0.0,-0.5092101693153381
kl,False,4,T1,27648,27,20.91452407836914,1.0,-0.000624602660536766,6.856575012207031,2.7290842533111572,0.0002634376287460327,0.0,0.0,0.0,-0.5092459321022034
kl,False,4,T1,28672,28,17.63831901550293,1.0,0.0008317106403410435,6.619023323059082,2.7289655208587646,5.193985998630524e-05,0.0,0.0,0.0,-0.509285032749176
kl,False,4,T1,29696,29,18.735088348388672,1.0,-0.0003037792630493641,6.831003189086914,2.7289140224456787,1.1576572433114052e-05,0.0,0.0,0.0,-0.5093012452125549
kl,False,4,T3,30720,1,0.21275120973587036,0.0,-0.0013674963265657425,3.6834216117858887,2.730318069458008,0.007122627925127745,0.007975260416666666,0.0070901839062571526,8.940696716308594e-07,-0.5087460279464722
kl,False,4,T3,31744,2,0.2690880596637726,0.0,-0.0013809837400913239,3.547133445739746,2.731598138809204,0.007152944803237915,0.057779947916666664,0.007242999039590359,3.337860107421875e-06,-0.5084273815155029
kl,False,4,T3,32768,3,0.3087702989578247,0.0,0.0014397241175174713,4.151817798614502,2.731231451034546,0.0036238511092960835,0.06624348958333333,0.009199478663504124,1.4007091522216797e-05,-0.5085244178771973
kl,False,4,T3,33792,4,0.542136549949646,0.0,0.00590258464217186,3.3737895488739014,2.7320497035980225,0.005060350056737661,0.045572916666666664,0.0037279229145497084,2.9027462005615234e-05,-0.5082327723503113
kl,False,4,T3,34816,5,0.2783161401748657,0.0,-0.012228780426084995,3.4038572311401367,2.7347757816314697,0.013185886666178703,0.07210286458333333,0.013405277393758297,0.00014632940292358398,-0.5073071122169495
kl,False,4,T3,35840,6,0.574030876159668,0.0,-0.005421187728643417,2.443697929382324,2.735351324081421,0.005569186061620712,0.0537109375,0.02546023391187191,0.0002091526985168457,-0.5072207450866699
kl,False,4,T3,36864,7,0.6773747801780701,0.0,-0.0015731905587017536,2.0199508666992188,2.7309916019439697,0.002600670326501131,0.0458984375,0.028802167624235153,0.00019443035125732422,-0.5086756348609924
kl,False,4,T3,37888,8,0.8469738364219666,0.0,-0.010183721780776978,2.137145519256592,2.7279794216156006,0.009336378425359726,0.06705729166666667,0.04892752319574356,0.0003204941749572754,-0.5096966624259949
kl,False,4,T3,38912,9,0.6669929027557373,0.0,0.0035889362916350365,1.6513625383377075,2.7249128818511963,0.005152246914803982,0.034342447916666664,0.07922542840242386,0.00038880109786987305,-0.5106746554374695
kl,False,4,T3,39936,10,0.7961382865905762,0.0,-0.00113585963845253,1.5726103782653809,2.7250711917877197,0.006107882130891085,0.053873697916666664,0.07112035900354385,0.00031644105911254883,-0.510518491268158
kl,False,4,T3,40960,11,0.6639237403869629,0.0,-0.00014906283468008041,1.0347461700439453,2.730095148086548,0.0034156397450715303,0.054361979166666664,0.07875186949968338,0.0001946091651916504,-0.5088183283805847
kl,False,4,T3,41984,12,1.1018519401550293,0.0,-0.00852527841925621,0.9264163970947266,2.7346670627593994,0.0030945369508117437,0.03955078125,0.09157346934080124,0.00014525651931762695,-0.5073267817497253
kl,False,4,T3,43008,13,0.6957991123199463,0.0,0.0037290528416633606,0.629555881023407,2.737872838973999,0.005885714665055275,0.010904947916666666,0.11045551300048828,0.000156402587890625,-0.5062939524650574
kl,False,4,T3,44032,14,1.1087348461151123,0.0,-0.009233757853507996,0.5336012840270996,2.739727258682251,0.003611224004998803,0.024251302083333332,0.11178530752658844,0.00017088651657104492,-0.5056537389755249
kl,False,4,T3,45056,15,1.3865387439727783,0.0,0.0006135664880275726,0.3493863046169281,2.741802453994751,0.003370309481397271,0.034342447916666664,0.112279511988163,0.00018143653869628906,-0.5049866437911987
kl,False,4,T3,46080,16,1.9619680643081665,0.0,-0.005409274250268936,0.24167296290397644,2.739206552505493,0.0036723273806273937,0.06315104166666667,0.145127534866333,0.00014209747314453125,-0.5059441924095154
kl,False,4,T3,47104,17,1.609078288078308,0.0,-0.0039704833179712296,0.18268270790576935,2.738311529159546,0.003939845599234104,0.08919270833333333,0.1882973164319992,0.0001061558723449707,-0.5061359405517578
kl,False,4,T3,48128,18,3.3679919242858887,0.0,-0.011673219501972198,0.2788735032081604,2.740333318710327,0.006396533455699682,0.13509114583333334,0.22167374193668365,0.00010693073272705078,-0.505477249622345
kl,False,4,T3,49152,19,2.474705219268799,0.0,-0.011013630777597427,0.16428881883621216,2.7389910221099854,0.00468058604747057,0.10139973958333333,0.27943384647369385,0.00013905763626098633,-0.5059900283813477
kl,False,4,T3,50176,20,6.770841121673584,0.0,-0.012922932393848896,2.8455190658569336,2.7374913692474365,0.00775230722501874,0.0927734375,0.3638177216053009,0.00014775991439819336,-0.5064648985862732
kl,False,4,T3,51200,21,7.702859401702881,0.0,-0.016074828803539276,1.9798786640167236,2.7372376918792725,0.01457490585744381,0.037109375,0.4942290782928467,0.00014525651931762695,-0.5065310001373291
kl,False,4,T3,52224,22,13.579221725463867,0.0,-0.021453481167554855,8.04359245300293,2.7367494106292725,0.012494651600718498,0.028971354166666668,0.6461849212646484,0.00014132261276245117,-0.5067232251167297
kl,False,4,T3,53248,23,20.499250411987305,1.0,-0.002010822296142578,13.645772933959961,2.736377477645874,0.0012785736471414566,0.0,0.695238471031189,0.00013554096221923828,-0.5067847371101379
kl,False,4,T3,54272,24,20.012107849121094,1.0,0.0009082639589905739,16.622968673706055,2.7370798587799072,0.003880099393427372,0.00537109375,0.7779069542884827,0.0001448988914489746,-0.5065696835517883
kl,False,4,T3,55296,25,21.451656341552734,1.0,0.004035609774291515,13.365437507629395,2.7372665405273438,0.0013683484867215157,0.00016276041666666666,0.8268905878067017,0.0001533031463623047,-0.5065188407897949
kl,False,4,T3,56320,26,16.176095962524414,1.0,0.0007650218904018402,14.453242301940918,2.7372617721557617,0.0004690533969551325,0.0,0.8403303027153015,0.0001544356346130371,-0.506514310836792
kl,False,4,T3,57344,27,19.680889129638672,1.0,0.0020225457847118378,12.41865062713623,2.7373602390289307,0.0002961310092359781,0.0,0.8193598389625549,0.00015491247177124023,-0.5064846873283386
kl,False,4,T3,58368,28,17.222660064697266,1.0,-0.0004195813089609146,12.88785457611084,2.7373697757720947,7.72811472415924e-06,0.0,0.8285081386566162,0.00015538930892944336,-0.5064818263053894
kl,False,4,T3,59392,29,22.361082077026367,1.0,4.766881465911865e-05,14.442695617675781,2.7373673915863037,2.3657921701669693e-06,0.0,0.8295683860778809,0.00015562772750854492,-0.5064828395843506
