method,use_morphology,seed,task,global_step,update,episodic_return,episodic_success,policy_loss,value_loss,entropy,approx_kl,clipfrac,distill_kl,distill_std_kl
single,False,0,T1,1024,1,25.78459358215332,1.0,-0.013391975313425064,13.430244445800781,2.7564547061920166,0.006881526671350002,0.10791015625,0.0,0.0
single,False,0,T1,2048,2,21.377805709838867,1.0,-0.010940540581941605,14.466044425964355,2.7549993991851807,0.006459956057369709,0.08349609375,0.0,0.0
single,False,0,T1,3072,3,19.269548416137695,1.0,-0.013078209012746811,16.93915557861328,2.755754232406616,0.0030123337637633085,0.08317057291666667,0.0,0.0
single,False,0,T1,4096,4,23.25687026977539,1.0,-0.007448647171258926,16.517364501953125,2.756985664367676,0.002615508623421192,0.07063802083333333,0.0,0.0
single,False,0,T1,5120,5,19.305082321166992,1.0,-0.005582164973020554,15.368816375732422,2.756091833114624,0.007951432839035988,0.062337239583333336,0.0,0.0
single,False,0,T1,6144,6,18.449783325195312,1.0,-0.004631394520401955,14.068913459777832,2.7540838718414307,0.0052687604911625385,0.083984375,0.0,0.0
single,False,0,T1,7168,7,18.973247528076172,1.0,-0.010674985125660896,11.630362510681152,2.7491910457611084,0.007378850132226944,0.043131510416666664,0.0,0.0
single,False,0,T1,8192,8,18.718177795410156,1.0,-0.00749043095856905,13.042694091796875,2.7453413009643555,0.005533071234822273,0.07666015625,0.0,0.0
single,False,0,T1,9216,9,18.779024124145508,1.0,-0.016969501972198486,11.71535587310791,2.742511749267578,0.014051582664251328,0.057454427083333336,0.0,0.0
single,False,0,T1,10240,10,19.776960372924805,1.0,-0.011339738965034485,10.741066932678223,2.740384101867676,0.006133297458291054,0.0625,0.0,0.0
single,False,0,T1,11264,11,20.155149459838867,1.0,-0.008694346994161606,9.988389015197754,2.738239049911499,0.004431148059666157,0.0478515625,0.0,0.0
single,False,0,T1,12288,12,22.049243927001953,1.0,0.0008400864899158478,11.192400932312012,2.73557448387146,0.0038986012805253267,0.006673177083333333,0.0,0.0
single,False,0,T1,13312,13,16.616634368896484,1.0,-0.006934098433703184,10.047789573669434,2.7354586124420166,0.012561526149511337,0.029459635416666668,0.0,0.0
single,False,0,T1,14336,14,16.864601135253906,1.0,0.0013656020164489746,10.384395599365234,2.736208200454712,0.009376810863614082,0.022298177083333332,0.0,0.0
single,False,0,T1,15360,15,15.606844902038574,1.0,-0.015630150213837624,9.905243873596191,2.736398696899414,0.011257516220211983,0.0234375,0.0,0.0
single,False,0,T1,16384,16,17.437213897705078,1.0,-0.005971584469079971,9.566621780395508,2.7359468936920166,0.005759520456194878,0.0419921875,0.0,0.0
single,False,0,T1,17408,17,16.29018783569336,1.0,-0.003921593073755503,9.224468231201172,2.735536575317383,0.0009979887399822474,0.0,0.0,0.0
single,False,0,T1,18432,18,16.212993621826172,1.0,-0.004537476226687431,8.681560516357422,2.7358033657073975,0.0071436576545238495,0.027018229166666668,0.0,0.0
single,False,0,T1,19456,19,15.814216613769531,1.0,-0.007567357271909714,8.129219055175781,2.7360265254974365,0.005365164950489998,0.009602864583333334,0.0,0.0
single,False,0,T1,20480,20,16.343738555908203,1.0,0.00453365221619606,7.596994400024414,2.736034393310547,0.0035750812385231256,0.0032552083333333335,0.0,0.0
single,False,0,T1,21504,21,15.002309799194336,1.0,-0.01013171300292015,7.947236061096191,2.7362802028656006,0.002603266155347228,0.00016276041666666666,0.0,0.0
single,False,0,T1,22528,22,15.636014938354492,1.0,0.0026811938732862473,7.56109619140625,2.7366085052490234,0.004170206841081381,0.0126953125,0.0,0.0
single,False,0,T1,23552,23,16.32515525817871,1.0,-0.0024967908393591642,6.884181022644043,2.7364578247070312,0.0003765411674976349,0.0,0.0,0.0
single,False,0,T1,24576,24,15.716097831726074,1.0,-0.003983084112405777,6.830901145935059,2.736504554748535,0.0028096854221075773,0.0011393229166666667,0.0,0.0
single,False,0,T1,25600,25,15.472012519836426,1.0,0.0007658470422029495,6.948977947235107,2.736726999282837,0.00032521248795092106,0.0,0.0,0.0
single,False,0,T1,26624,26,16.18638038635254,1.0,0.0026581361889839172,5.950956344604492,2.736837148666382,0.0004909026902168989,0.0,0.0,0.0
single,False,0,T1,27648,27,16.8377685546875,1.0,0.0010062754154205322,6.695448875427246,2.736847162246704,0.0002800598740577698,0.0,0.0,0.0
single,False,0,T1,28672,28,15.481709480285645,1.0,0.0001836959272623062,6.850057125091553,2.7368643283843994,8.953316137194633e-05,0.0,0.0,0.0
single,False,0,T1,29696,29,15.930320739746094,1.0,6.268732249736786e-05,5.763221740722656,2.7369120121002197,0.00018074549734592438,0.0,0.0,0.0
single,False,0,T3,1024,1,0.35534387826919556,0.0,-0.02778838388621807,0.0069239637814462185,2.7619078159332275,0.017088038846850395,0.23404947916666666,0.0,0.0
single,False,0,T3,2048,2,0.7534270286560059,0.0,-0.03723644092679024,0.012882607989013195,2.7673282623291016,0.01177046075463295,0.18196614583333334,0.0,0.0
single,False,0,T3,3072,3,1.0475257635116577,0.0,-0.016947263851761818,0.05796334519982338,2.7685012817382812,0.00452361349016428,0.22607421875,0.0,0.0
single,False,0,T3,4096,4,2.106876850128174,0.0,-0.015251404605805874,0.04237831011414528,2.772359609603882,0.00894930586218834,0.21956380208333334,0.0,0.0
single,False,0,T3,5120,5,2.2988486289978027,0.0,-0.025934290140867233,0.19579638540744781,2.7740118503570557,0.009743082337081432,0.19645182291666666,0.0,0.0
single,False,0,T3,6144,6,5.624080657958984,0.0,-0.01959945634007454,1.8602142333984375,2.7699968814849854,0.004413872957229614,0.13020833333333334,0.0,0.0
single,False,0,T3,7168,7,7.203604698181152,0.0,-0.005132608115673065,3.056900978088379,2.7648427486419678,0.009357200935482979,0.11848958333333333,0.0,0.0
single,False,0,T3,8192,8,22.287691116333008,0.0,-0.00747401500120759,11.37211799621582,2.7623462677001953,0.019552620127797127,0.08528645833333333,0.0,0.0
single,False,0,T3,9216,9,23.063953399658203,1.0,-0.005627075210213661,12.301359176635742,2.757812261581421,0.016491208225488663,0.09977213541666667,0.0,0.0
single,False,0,T3,10240,10,16.831459045410156,1.0,-0.009312395006418228,16.14410972595215,2.7513411045074463,0.007928450591862202,0.0625,0.0,0.0
single,False,0,T3,11264,11,18.446670532226562,1.0,-0.003093259409070015,15.325864791870117,2.749746561050415,0.013975122012197971,0.146484375,0.0,0.0
single,False,0,T3,12288,12,21.632020950317383,1.0,-0.016899600625038147,14.613706588745117,2.7490193843841553,0.01271850522607565,0.038736979166666664,0.0,0.0
single,False,0,T3,13312,13,18.34026336669922,1.0,-0.011987149715423584,13.089550971984863,2.747758626937866,0.012234176509082317,0.06689453125,0.0,0.0
single,False,0,T3,14336,14,16.240549087524414,1.0,0.0014284467324614525,12.669395446777344,2.747793436050415,0.0027592750266194344,0.023274739583333332,0.0,0.0
single,False,0,T3,15360,15,16.820755004882812,1.0,-0.006254468113183975,12.200356483459473,2.749094247817993,0.015754831954836845,0.048177083333333336,0.0,0.0
single,False,0,T3,16384,16,17.130966186523438,1.0,0.0020380355417728424,11.247987747192383,2.7487142086029053,0.0030790776945650578,0.0006510416666666666,0.0,0.0
single,False,0,T3,17408,17,16.266477584838867,1.0,-0.0119832344353199,11.566572189331055,2.7467916011810303,0.005235852673649788,0.0146484375,0.0,0.0
single,False,0,T3,18432,18,16.279890060424805,1.0,-0.0013765273615717888,10.241363525390625,2.7460978031158447,0.0009104185737669468,0.0,0.0,0.0
single,False,0,T3,19456,19,20.404876708984375,1.0,-0.0010421965271234512,9.969505310058594,2.746307134628296,0.0001141431275755167,0.0,0.0,0.0
single,False,0,T3,20480,20,17.283838272094727,1.0,-0.012363765388727188,9.789201736450195,2.7464685440063477,0.005978289991617203,0.012858072916666666,0.0,0.0
single,False,0,T3,21504,21,17.128572463989258,1.0,-0.011110684834420681,9.170648574829102,2.7467896938323975,0.0028305421583354473,0.0009765625,0.0,0.0
single,False,0,T3,22528,22,18.42905616760254,1.0,-0.0016156146302819252,8.79568099975586,2.7468340396881104,0.0022045632358640432,0.0011393229166666667,0.0,0.0
single,False,0,T3,23552,23,17.157459259033203,1.0,-0.000868847593665123,9.376946449279785,2.747061014175415,0.00033382000401616096,0.0,0.0,0.0
single,False,0,T3,24576,24,16.877103805541992,1.0,-0.0042173899710178375,9.107629776000977,2.747129201889038,0.001170865260064602,0.0,0.0,0.0
single,False,0,T3,25600,25,16.826358795166016,1.0,-9.875977411866188e-05,8.311773300170898,2.747335433959961,0.00038867793045938015,0.0,0.0,0.0
single,False,0,T3,26624,26,15.253235816955566,1.0,-0.003985311836004257,7.616720676422119,2.747467041015625,0.000346924876794219,0.0,0.0,0.0
single,False,0,T3,27648,27,16.650558471679688,1.0,0.00016826298087835312,7.407670021057129,2.7476155757904053,0.00024103722535073757,0.0,0.0,0.0
single,False,0,T3,28672,28,16.894561767578125,1.0,-0.0003160731866955757,7.616919994354248,2.74765944480896,2.8292881324887276e-05,0.0,0.0,0.0
single,False,0,T3,29696,29,19.282947540283203,1.0,3.9342790842056274e-05,7.801314353942871,2.7476766109466553,9.683892130851746e-06,0.0,0.0,0.0
multitask,False,0,joint,1024,1,27.248756408691406,1.0,-0.004035620950162411,3.916771650314331,2.7515134811401367,0.004570816643536091,0.0546875,0.0,0.0
multitask,False,0,joint,2048,2,2.0478925704956055,0.0,-0.007582709193229675,4.257815837860107,2.750688314437866,0.0020812894217669964,0.049479166666666664,0.0,0.0
multitask,False,0,joint,3072,3,3.242696762084961,0.0,-0.005571451969444752,11.786809921264648,2.7481744289398193,0.007269364316016436,0.046549479166666664,0.0,0.0
multitask,False,0,joint,4096,4,2.272444009780884,0.0,-0.0026994962245225906,5.177298069000244,2.747911214828491,0.0026246553752571344,0.03564453125,0.0,0.0
multitask,False,0,joint,5120,5,15.269780158996582,0.0,-0.007080966606736183,7.233906269073486,2.7425081729888916,0.003689152654260397,0.027669270833333332,0.0,0.0
multitask,False,0,joint,6144,6,1.2494239807128906,0.0,-0.001504942774772644,5.822422027587891,2.742420196533203,0.002764544915407896,0.0205078125,0.0,0.0
multitask,False,0,joint,7168,7,12.102736473083496,0.5,-0.004938274621963501,5.437760829925537,2.7401540279388428,0.004172489978373051,0.032389322916666664,0.0,0.0
multitask,False,0,joint,8192,8,1.2333778142929077,0.0,-0.007246505469083786,3.1059203147888184,2.7372915744781494,0.0019513035658746958,0.021484375,0.0,0.0
multitask,False,0,joint,9216,9,25.7203369140625,1.0,0.0030498169362545013,5.5576019287109375,2.73709774017334,0.005555265583097935,0.02880859375,0.0,0.0
multitask,False,0,joint,10240,10,13.945050239562988,0.5,-0.01029193215072155,6.950278282165527,2.7354869842529297,0.007555792108178139,0.010904947916666666,0.0,0.0
multitask,False,0,joint,11264,11,23.56511688232422,1.0,-0.003226064145565033,9.023523330688477,2.734983444213867,0.0037923764903098345,0.024739583333333332,0.0,0.0
multitask,False,0,joint,12288,12,27.373788833618164,1.0,-0.004612261429429054,6.142379283905029,2.73274827003479,0.003780882805585861,0.02783203125,0.0,0.0
multitask,False,0,joint,13312,13,19.129732131958008,1.0,0.0013150377199053764,6.009622573852539,2.7306079864501953,0.004765375051647425,0.0185546875,0.0,0.0
multitask,False,0,joint,14336,14,23.72980499267578,1.0,-0.0019133994355797768,6.401185989379883,2.732046365737915,0.003263860708102584,0.027506510416666668,0.0,0.0
multitask,False,0,joint,15360,15,6.146392822265625,0.0,-0.015942487865686417,6.351016998291016,2.731410026550293,0.004038424231112003,0.042154947916666664,0.0,0.0
multitask,False,0,joint,16384,16,21.809598922729492,1.0,3.833509981632233e-05,4.600404739379883,2.7299134731292725,0.003182027256116271,0.01025390625,0.0,0.0
multitask,False,0,joint,17408,17,0.680472731590271,0.0,0.001310635358095169,3.9622645378112793,2.730959892272949,0.005008939187973738,0.04833984375,0.0,0.0
multitask,False,0,joint,18432,18,0.5821442008018494,0.0,-0.004313237499445677,8.419050216674805,2.7322072982788086,0.004656447097659111,0.052083333333333336,0.0,0.0
multitask,False,0,joint,19456,19,2.8690683841705322,0.0,-0.011080564931035042,5.87205171585083,2.731368064880371,0.008857491426169872,0.038411458333333336,0.0,0.0
multitask,False,0,joint,20480,20,18.822059631347656,1.0,0.003316778689622879,6.118434429168701,2.729606866836548,0.0040387799963355064,0.0185546875,0.0,0.0
multitask,False,0,joint,21504,21,0.9429253339767456,0.0,-0.011963780038058758,1.9803056716918945,2.730567693710327,0.0027627996169030666,0.045735677083333336,0.0,0.0
multitask,False,0,joint,22528,22,21.75357437133789,1.0,0.0056598857045173645,6.167696952819824,2.730417490005493,0.007141295820474625,0.0185546875,0.0,0.0
multitask,False,0,joint,23552,23,1.8697861433029175,0.0,0.0031762979924678802,3.070963144302368,2.7276668548583984,0.002781798131763935,0.033040364583333336,0.0,0.0
multitask,False,0,joint,24576,24,0.7490518689155579,0.0,-0.003163447603583336,4.527653217315674,2.726552963256836,0.00432725390419364,0.031087239583333332,0.0,0.0
multitask,False,0,joint,25600,25,0.6333096623420715,0.0,-0.004478217102587223,6.537803649902344,2.725034475326538,0.007103648968040943,0.052408854166666664,0.0,0.0
multitask,False,0,joint,26624,26,23.828968048095703,1.0,0.006879687309265137,4.798685073852539,2.721794366836548,0.00643019238486886,0.03662109375,0.0,0.0
multitask,False,0,joint,27648,27,19.10523796081543,1.0,-0.003034474328160286,5.026582717895508,2.7215006351470947,0.002591280499473214,0.0244140625,0.0,0.0
multitask,False,0,joint,28672,28,1.297956943511963,0.0,-0.01083439588546753,3.0247154235839844,2.7144200801849365,0.0023768714163452387,0.033528645833333336,0.0,0.0
multitask,False,0,joint,29696,29,3.260648250579834,0.0,-0.001643558032810688,3.5450944900512695,2.7089853286743164,0.011000138707458973,0.08805338541666667,0.0,0.0
multitask,False,0,joint,30720,30,1.2433403730392456,0.0,-0.0190743375569582,2.9073679447174072,2.708540201187134,0.007158175576478243,0.12662760416666666,0.0,0.0
multitask,False,0,joint,31744,31,21.41719627380371,1.0,-0.007812895812094212,4.9482340812683105,2.7096197605133057,0.006523779593408108,0.06770833333333333,0.0,0.0
multitask,False,0,joint,32768,32,1.6712636947631836,0.0,-0.0012832693755626678,3.916682481765747,2.709760904312134,0.004219063092023134,0.08642578125,0.0,0.0
multitask,False,0,joint,33792,33,4.130588054656982,0.0,0.003916099667549133,5.28788948059082,2.709787130355835,0.006664598826318979,0.027669270833333332,0.0,0.0
multitask,False,0,joint,34816,34,20.419830322265625,1.0,-0.01058842334896326,4.545889377593994,2.710373878479004,0.004755252040922642,0.04931640625,0.0,0.0
multitask,False,0,joint,35840,35,3.606228828430176,0.0,-0.001749889925122261,4.4878339767456055,2.7102346420288086,0.006790682673454285,0.01708984375,0.0,0.0
multitask,False,0,joint,36864,36,22.162311553955078,1.0,-0.004040822386741638,6.221057891845703,2.7098119258880615,0.001751414965838194,0.0003255208333333333,0.0,0.0
multitask,False,0,joint,37888,37,24.325843811035156,1.0,-0.01122627779841423,4.093324184417725,2.709876775741577,0.006091425195336342,0.06998697916666667,0.0,0.0
multitask,False,0,joint,38912,38,2.9029476642608643,0.0,-0.015637315809726715,4.16569709777832,2.711418390274048,0.006807391531765461,0.044270833333333336,0.0,0.0
multitask,False,0,joint,39936,39,6.732761383056641,0.0,-0.004974819719791412,4.516857624053955,2.7123451232910156,0.003607966238632798,0.00244140625,0.0,0.0
multitask,False,0,joint,40960,40,6.023187637329102,0.0,-0.010714808478951454,5.121273040771484,2.7135820388793945,0.004716057796031237,0.06819661458333333,0.0,0.0
multitask,False,0,joint,41984,41,5.71919059753418,0.0,-0.005075106397271156,4.1713128089904785,2.7161779403686523,0.007312057539820671,0.046875,0.0,0.0
multitask,False,0,joint,43008,42,10.43739128112793,0.0,-0.016996946185827255,4.008582592010498,2.7193491458892822,0.009565119631588459,0.13460286458333334,0.0,0.0
multitask,False,0,joint,44032,43,23.356401443481445,1.0,-0.0005286820232868195,2.956847667694092,2.722062110900879,0.00462219538167119,0.05322265625,0.0,0.0
multitask,False,0,joint,45056,44,20.049123764038086,1.0,-0.004127927124500275,2.722447156906128,2.72225284576416,0.0069628567434847355,0.068359375,0.0,0.0
multitask,False,0,joint,46080,45,22.68125343322754,1.0,-0.006255452521145344,4.056278705596924,2.7211668491363525,0.007070954889059067,0.01953125,0.0,0.0
multitask,False,0,joint,47104,46,6.476661682128906,0.0,-0.0018076533451676369,3.736419677734375,2.721262216567993,0.007070706691592932,0.031901041666666664,0.0,0.0
multitask,False,0,joint,48128,47,10.471360206604004,0.0,-0.0027289530262351036,4.612271785736084,2.7211427688598633,0.0018803451675921679,0.0006510416666666666,0.0,0.0
multitask,False,0,joint,49152,48,25.258012771606445,1.0,0.003701796755194664,3.7030763626098633,2.7221508026123047,0.008841216564178467,0.030924479166666668,0.0,0.0
multitask,False,0,joint,50176,49,9.162985801696777,0.0,-0.017551030963659286,4.743310928344727,2.722046136856079,0.007776573300361633,0.03662109375,0.0,0.0
multitask,False,0,joint,51200,50,11.90447998046875,0.0,-0.00018315389752388,4.864025115966797,2.7213640213012695,0.0005638764705508947,0.0,0.0,0.0
multitask,False,0,joint,52224,51,5.923399448394775,0.0,0.001041996292769909,4.3619303703308105,2.7207155227661133,0.0009692488238215446,0.0,0.0,0.0
multitask,False,0,joint,53248,52,22.888362884521484,0.0,-0.0005504722939804196,4.982788562774658,2.7202870845794678,0.0011583995074033737,0.0,0.0,0.0
multitask,False,0,joint,54272,53,15.462326049804688,0.0,-0.002811957150697708,5.364105224609375,2.7191641330718994,0.0037049793172627687,0.0022786458333333335,0.0,0.0
multitask,False,0,joint,55296,54,20.574819564819336,0.0,-0.0020520491525530815,4.0351457595825195,2.718965768814087,0.0030428532045334578,0.0032552083333333335,0.0,0.0
multitask,False,0,joint,56320,55,11.014535903930664,0.0,-0.002267848700284958,5.666877269744873,2.7190186977386475,0.0021810829639434814,0.00016276041666666666,0.0,0.0
multitask,False,0,joint,57344,56,13.612701416015625,0.3333333432674408,-0.00785228330641985,4.526224136352539,2.719266653060913,0.00296595087274909,0.0006510416666666666,0.0,0.0
multitask,False,0,joint,58368,57,4.421034336090088,0.0,-0.0034861937165260315,2.997649908065796,2.719601631164551,0.0004873292054980993,0.0,0.0,0.0
multitask,False,0,joint,59392,58,27.45441436767578,0.0,-2.5434419512748718e-05,3.2599129676818848,2.719571828842163,0.00026916246861219406,0.0,0.0,0.0
finetune,False,0,T1,1024,1,25.78459358215332,1.0,-0.013391975313425064,13.430244445800781,2.7564547061920166,0.006881526671350002,0.10791015625,0.0,0.0
finetune,False,0,T1,2048,2,21.377805709838867,1.0,-0.010940540581941605,14.466044425964355,2.7549993991851807,0.006459956057369709,0.08349609375,0.0,0.0
finetune,False,0,T1,3072,3,19.269548416137695,1.0,-0.013078209012746811,16.93915557861328,2.755754232406616,0.0030123337637633085,0.08317057291666667,0.0,0.0
finetune,False,0,T1,4096,4,23.25687026977539,1.0,-0.007448647171258926,16.517364501953125,2.756985664367676,0.002615508623421192,0.07063802083333333,0.0,0.0
finetune,False,0,T1,5120,5,19.305082321166992,1.0,-0.005582164973020554,15.368816375732422,2.756091833114624,0.007951432839035988,0.062337239583333336,0.0,0.0
finetune,False,0,T1,6144,6,18.449783325195312,1.0,-0.004631394520401955,14.068913459777832,2.7540838718414307,0.0052687604911625385,0.083984375,0.0,0.0
finetune,False,0,T1,7168,7,18.973247528076172,1.0,-0.010674985125660896,11.630362510681152,2.7491910457611084,0.007378850132226944,0.043131510416666664,0.0,0.0
finetune,False,0,T1,8192,8,18.718177795410156,1.0,-0.00749043095856905,13.042694091796875,2.7453413009643555,0.005533071234822273,0.07666015625,0.0,0.0
finetune,False,0,T1,9216,9,18.779024124145508,1.0,-0.016969501972198486,11.71535587310791,2.742511749267578,0.014051582664251328,0.057454427083333336,0.0,0.0
finetune,False,0,T1,10240,10,19.776960372924805,1.0,-0.011339738965034485,10.741066932678223,2.740384101867676,0.006133297458291054,0.0625,0.0,0.0
finetune,False,0,T1,11264,11,20.155149459838867,1.0,-0.008694346994161606,9.988389015197754,2.738239049911499,0.004431148059666157,0.0478515625,0.0,0.0
finetune,False,0,T1,12288,12,22.049243927001953,1.0,0.0008400864899158478,11.192400932312012,2.73557448387146,0.0038986012805253267,0.006673177083333333,0.0,0.0
finetune,False,0,T1,13312,13,16.616634368896484,1.0,-0.006934098433703184,10.047789573669434,2.7354586124420166,0.012561526149511337,0.029459635416666668,0.0,0.0
finetune,False,0,T1,14336,14,16.864601135253906,1.0,0.0013656020164489746,10.384395599365234,2.736208200454712,0.009376810863614082,0.022298177083333332,0.0,0.0
finetune,False,0,T1,15360,15,15.606844902038574,1.0,-0.015630150213837624,9.905243873596191,2.736398696899414,0.011257516220211983,0.0234375,0.0,0.0
finetune,False,0,T1,16384,16,17.437213897705078,1.0,-0.005971584469079971,9.566621780395508,2.7359468936920166,0.005759520456194878,0.0419921875,0.0,0.0
finetune,False,0,T1,17408,17,16.29018783569336,1.0,-0.003921593073755503,9.224468231201172,2.735536575317383,0.0009979887399822474,0.0,0.0,0.0
finetune,False,0,T1,18432,18,16.212993621826172,1.0,-0.004537476226687431,8.681560516357422,2.7358033657073975,0.0071436576545238495,0.027018229166666668,0.0,0.0
finetune,False,0,T1,19456,19,15.814216613769531,1.0,-0.007567357271909714,8.129219055175781,2.7360265254974365,0.005365164950489998,0.009602864583333334,0.0,0.0
finetune,False,0,T1,20480,20,16.343738555908203,1.0,0.00453365221619606,7.596994400024414,2.736034393310547,0.0035750812385231256,0.0032552083333333335,0.0,0.0
finetune,False,0,T1,21504,21,15.002309799194336,1.0,-0.01013171300292015,7.947236061096191,2.7362802028656006,0.002603266155347228,0.00016276041666666666,0.0,0.0
finetune,False,0,T1,22528,22,15.636014938354492,1.0,0.0026811938732862473,7.56109619140625,2.7366085052490234,0.004170206841081381,0.0126953125,0.0,0.0
finetune,False,0,T1,23552,23,16.32515525817871,1.0,-0.0024967908393591642,6.884181022644043,2.7364578247070312,0.0003765411674976349,0.0,0.0,0.0
finetune,False,0,T1,24576,24,15.716097831726074,1.0,-0.003983084112405777,6.830901145935059,2.736504554748535,0.0028096854221075773,0.0011393229166666667,0.0,0.0
finetune,False,0,T1,25600,25,15.472012519836426,1.0,0.0007658470422029495,6.948977947235107,2.736726999282837,0.00032521248795092106,0.0,0.0,0.0
finetune,False,0,T1,26624,26,16.18638038635254,1.0,0.0026581361889839172,5.950956344604492,2.736837148666382,0.0004909026902168989,0.0,0.0,0.0
finetune,False,0,T1,27648,27,16.8377685546875,1.0,0.0010062754154205322,6.695448875427246,2.736847162246704,0.0002800598740577698,0.0,0.0,0.0
finetune,False,0,T1,28672,28,15.481709480285645,1.0,0.0001836959272623062,6.850057125091553,2.7368643283843994,8.953316137194633e-05,0.0,0.0,0.0
finetune,False,0,T1,29696,29,15.930320739746094,1.0,6.268732249736786e-05,5.763221740722656,2.7369120121002197,0.00018074549734592438,0.0,0.0,0.0
finetune,False,0,T3,30720,1,-0.10980402678251266,0.0,0.0017031729221343994,4.536692142486572,2.738705635070801,0.00891798734664917,0.14013671875,0.0,0.0
finetune,False,0,T3,31744,2,-0.025332115590572357,0.0,-0.010864319279789925,3.3480217456817627,2.740185022354126,0.004335968755185604,0.08040364583333333,0.0,0.0
finetune,False,0,T3,32768,3,0.009034551680088043,0.0,0.006996887736022472,3.771639347076416,2.7442095279693604,0.005858589895069599,0.06282552083333333,0.0,0.0
finetune,False,0,T3,33792,4,0.03622448444366455,0.0,-0.015062997117638588,3.5222671031951904,2.7474098205566406,0.0025057015009224415,0.037923177083333336,0.0,0.0
finetune,False,0,T3,34816,5,0.13033154606819153,0.0,0.00020942650735378265,2.6237893104553223,2.7467269897460938,0.003931300714612007,0.044270833333333336,0.0,0.0
finetune,False,0,T3,35840,6,0.09765654802322388,0.0,-0.0012649744749069214,2.3995108604431152,2.743706703186035,0.002157649490982294,0.034342447916666664,0.0,0.0
finetune,False,0,T3,36864,7,0.09204821288585663,0.0,-0.013334589079022408,2.643558979034424,2.7409555912017822,0.004797923378646374,0.07307942708333333,0.0,0.0
finetune,False,0,T3,37888,8,0.2086315155029297,0.0,-0.00554528646171093,2.03873610496521,2.738637685775757,0.0029677189886569977,0.059895833333333336,0.0,0.0
finetune,False,0,T3,38912,9,0.21379965543746948,0.0,-0.009987197816371918,1.647200345993042,2.7376458644866943,0.0028710823971778154,0.0390625,0.0,0.0
finetune,False,0,T3,39936,10,0.093544140458107,0.0,-0.006146639585494995,1.1946282386779785,2.7355711460113525,0.003803709289059043,0.0302734375,0.0,0.0
finetune,False,0,T3,40960,11,0.07574614137411118,0.0,0.0011693686246871948,0.949688196182251,2.7341535091400146,0.00257489993236959,0.0205078125,0.0,0.0
finetune,False,0,T3,41984,12,0.12755316495895386,0.0,0.00532183051109314,0.8066184520721436,2.730914831161499,0.004758716560900211,0.01318359375,0.0,0.0
finetune,False,0,T3,43008,13,0.12296874821186066,0.0,-0.004666376858949661,0.4541839361190796,2.728074789047241,0.005544055253267288,0.0341796875,0.0,0.0
finetune,False,0,T3,44032,14,0.20612815022468567,0.0,-0.0059226639568805695,0.3340506851673126,2.724403142929077,0.004872014746069908,0.043131510416666664,0.0,0.0
finetune,False,0,T3,45056,15,0.5211583375930786,0.0,-0.0010632509365677834,0.21067680418491364,2.726306676864624,0.0040321946144104,0.07600911458333333,0.0,0.0
finetune,False,0,T3,46080,16,0.4322550892829895,0.0,-0.006792508065700531,0.13485275208950043,2.7307093143463135,0.003039591247215867,0.051920572916666664,0.0,0.0
finetune,False,0,T3,47104,17,0.5153584480285645,0.0,-0.004615027457475662,0.06888691335916519,2.7362253665924072,0.004587134346365929,0.08821614583333333,0.0,0.0
finetune,False,0,T3,48128,18,0.7876518368721008,0.0,-0.020110808312892914,0.05629449337720871,2.7398622035980225,0.003011522116139531,0.13655598958333334,0.0,0.0
finetune,False,0,T3,49152,19,0.8653526306152344,0.0,-0.019302435219287872,0.026475418359041214,2.74062180519104,0.004522006958723068,0.18050130208333334,0.0,0.0
finetune,False,0,T3,50176,20,1.6300393342971802,0.0,-0.014393376186490059,0.05188598111271858,2.7403135299682617,0.011965452693402767,0.1806640625,0.0,0.0
finetune,False,0,T3,51200,21,3.945291757583618,0.0,-0.01168709248304367,0.2220982164144516,2.7414474487304688,0.01898651383817196,0.13590494791666666,0.0,0.0
finetune,False,0,T3,52224,22,3.6732938289642334,0.0,-0.0021374598145484924,0.40139836072921753,2.742748260498047,0.01684732548892498,0.10074869791666667,0.0,0.0
finetune,False,0,T3,53248,23,11.61003589630127,0.0,-0.01057145744562149,4.622489929199219,2.7425310611724854,0.015350989066064358,0.035481770833333336,0.0,0.0
finetune,False,0,T3,54272,24,18.71187973022461,1.0,-0.005335090681910515,8.916964530944824,2.7415237426757812,0.009694820269942284,0.0439453125,0.0,0.0
finetune,False,0,T3,55296,25,19.278034210205078,1.0,-0.007631327956914902,15.982538223266602,2.74086856842041,0.004765348043292761,0.005859375,0.0,0.0
finetune,False,0,T3,56320,26,18.918697357177734,1.0,-0.007701464928686619,14.275047302246094,2.740694284439087,0.0023464784026145935,0.001953125,0.0,0.0
finetune,False,0,T3,57344,27,21.190692901611328,1.0,-0.0014311750419437885,14.288995742797852,2.740722894668579,0.00024865451268851757,0.0,0.0,0.0
finetune,False,0,T3,58368,28,20.74239730834961,1.0,-0.000829305499792099,13.791802406311035,2.74057674407959,6.42845407128334e-05,0.0,0.0,0.0
finetune,False,0,T3,59392,29,18.17218780517578,1.0,-0.0015147775411605835,13.845621109008789,2.740560293197632,2.1826941519975662e-05,0.0,0.0,0.0
kl,False,0,T1,1024,1,25.78459358215332,1.0,-0.013391975313425064,13.430244445800781,2.7564547061920166,0.006881526671350002,0.10791015625,0.0,0.0
kl,False,0,T1,2048,2,21.377805709838867,1.0,-0.010940540581941605,14.466044425964355,2.7549993991851807,0.006459956057369709,0.08349609375,0.0,0.0
kl,False,0,T1,3072,3,19.269548416137695,1.0,-0.013078209012746811,16.93915557861328,2.755754232406616,0.0030123337637633085,0.08317057291666667,0.0,0.0
kl,False,0,T1,4096,4,23.25687026977539,1.0,-0.007448647171258926,16.517364501953125,2.756985664367676,0.002615508623421192,0.07063802083333333,0.0,0.0
kl,False,0,T1,5120,5,19.305082321166992,1.0,-0.005582164973020554,15.368816375732422,2.756091833114624,0.007951432839035988,0.062337239583333336,0.0,0.0
kl,False,0,T1,6144,6,18.449783325195312,1.0,-0.004631394520401955,14.068913459777832,2.7540838718414307,0.0052687604911625385,0.083984375,0.0,0.0
kl,False,0,T1,7168,7,18.973247528076172,1.0,-0.010674985125660896,11.630362510681152,2.7491910457611084,0.007378850132226944,0.043131510416666664,0.0,0.0
kl,False,0,T1,8192,8,18.718177795410156,1.0,-0.00749043095856905,13.042694091796875,2.7453413009643555,0.005533071234822273,0.07666015625,0.0,0.0
kl,False,0,T1,9216,9,18.779024124145508,1.0,-0.016969501972198486,11.71535587310791,2.742511749267578,0.014051582664251328,0.057454427083333336,0.0,0.0
kl,False,0,T1,10240,10,19.776960372924805,1.0,-0.011339738965034485,10.741066932678223,2.740384101867676,0.006133297458291054,0.0625,0.0,0.0
kl,False,0,T1,11264,11,20.155149459838867,1.0,-0.008694346994161606,9.988389015197754,2.738239049911499,0.004431148059666157,0.0478515625,0.0,0.0
kl,False,0,T1,12288,12,22.049243927001953,1.0,0.0008400864899158478,11.192400932312012,2.73557448387146,0.0038986012805253267,0.006673177083333333,0.0,0.0
kl,False,0,T1,13312,13,16.616634368896484,1.0,-0.006934098433703184,10.047789573669434,2.7354586124420166,0.012561526149511337,0.029459635416666668,0.0,0.0
kl,False,0,T1,14336,14,16.864601135253906,1.0,0.0013656020164489746,10.384395599365234,2.736208200454712,0.009376810863614082,0.022298177083333332,0.0,0.0
kl,False,0,T1,15360,15,15.606844902038574,1.0,-0.015630150213837624,9.905243873596191,2.736398696899414,0.011257516220211983,0.0234375,0.0,0.0
kl,False,0,T1,16384,16,17.437213897705078,1.0,-0.005971584469079971,9.566621780395508,2.7359468936920166,0.005759520456194878,0.0419921875,0.0,0.0
kl,False,0,T1,17408,17,16.29018783569336,1.0,-0.003921593073755503,9.224468231201172,2.735536575317383,0.0009979887399822474,0.0,0.0,0.0
kl,False,0,T1,18432,18,16.212993621826172,1.0,-0.004537476226687431,8.681560516357422,2.7358033657073975,0.0071436576545238495,0.027018229166666668,0.0,0.0
kl,False,0,T1,19456,19,15.814216613769531,1.0,-0.007567357271909714,8.129219055175781,2.7360265254974365,0.005365164950489998,0.009602864583333334,0.0,0.0
kl,False,0,T1,20480,20,16.343738555908203,1.0,0.00453365221619606,7.596994400024414,2.736034393310547,0.0035750812385231256,0.0032552083333333335,0.0,0.0
kl,False,0,T1,21504,21,15.002309799194336,1.0,-0.01013171300292015,7.947236061096191,2.7362802028656006,0.002603266155347228,0.00016276041666666666,0.0,0.0
kl,False,0,T1,22528,22,15.636014938354492,1.0,0.0026811938732862473,7.56109619140625,2.7366085052490234,0.004170206841081381,0.0126953125,0.0,0.0
kl,False,0,T1,23552,23,16.32515525817871,1.0,-0.0024967908393591642,6.884181022644043,2.7364578247070312,0.0003765411674976349,0.0,0.0,0.0
kl,False,0,T1,24576,24,15.716097831726074,1.0,-0.003983084112405777,6.830901145935059,2.736504554748535,0.0028096854221075773,0.0011393229166666667,0.0,0.0
kl,False,0,T1,25600,25,15.472012519836426,1.0,0.0007658470422029495,6.948977947235107,2.736726999282837,0.00032521248795092106,0.0,0.0,0.0
kl,False,0,T1,26624,26,16.18638038635254,1.0,0.0026581361889839172,5.950956344604492,2.736837148666382,0.0004909026902168989,0.0,0.0,0.0
kl,False,0,T1,27648,27,16.8377685546875,1.0,0.0010062754154205322,6.695448875427246,2.736847162246704,0.0002800598740577698,0.0,0.0,0.0
kl,False,0,T1,28672,28,15.481709480285645,1.0,0.0001836959272623062,6.850057125091553,2.7368643283843994,8.953316137194633e-05,0.0,0.0,0.0
kl,False,0,T1,29696,29,15.930320739746094,1.0,6.268732249736786e-05,5.763221740722656,2.7369120121002197,0.00018074549734592438,0.0,0.0,0.0
kl,False,0,T3,30720,1,-0.10980402678251266,0.0,0.00076332688331604,4.536684513092041,2.7390406131744385,0.004645315930247307,0.039225260416666664,0.0038078264333307743,6.079673767089844e-06
kl,False,0,T3,31744,2,-0.045856788754463196,0.0,-0.01536631304770708,3.356330633163452,2.739668846130371,0.004539581015706062,0.06429036458333333,0.0013298527337610722,5.161762237548828e-05
kl,False,0,T3,32768,3,-0.008752185851335526,0.0,-0.001481589861214161,3.774994134902954,2.7420523166656494,0.003375099506229162,0.052734375,0.005347544327378273,9.822845458984375e-05
kl,False,0,T3,33792,4,0.03649876266717911,0.0,-0.015163199976086617,3.514901876449585,2.7444162368774414,0.0032592720817774534,0.02099609375,0.002645037369802594,8.946657180786133e-05
kl,False,0,T3,34816,5,0.09721545875072479,0.0,0.004942743107676506,2.6250016689300537,2.743835687637329,0.0029378568287938833,0.053548177083333336,0.006684515625238419,7.319450378417969e-05
kl,False,0,T3,35840,6,0.04403476417064667,0.0,-0.00042838044464588165,2.402846574783325,2.74074649810791,0.003913466818630695,0.030110677083333332,0.001537564443424344,6.186962127685547e-05
kl,False,0,T3,36864,7,0.028872143477201462,0.0,-0.01813436485826969,2.6427483558654785,2.7370030879974365,0.0049811918288469315,0.024251302083333332,0.0035089412704110146,8.767843246459961e-05
kl,False,0,T3,37888,8,0.0929853767156601,0.0,-0.006760776974260807,2.0449724197387695,2.7346208095550537,0.005339937284588814,0.02685546875,0.0017123756697401404,9.608268737792969e-05
kl,False,0,T3,38912,9,0.05272866412997246,0.0,-0.007521592080593109,1.6465345621109009,2.7335894107818604,0.0015387567691504955,0.0026041666666666665,0.0010710661299526691,9.506940841674805e-05
kl,False,0,T3,39936,10,-0.013367035426199436,0.0,-0.002266164869070053,1.1879661083221436,2.733154535293579,0.0005455431528389454,0.00341796875,0.0014336350141093135,4.380941390991211e-05
kl,False,0,T3,40960,11,-0.07205694913864136,0.0,0.00010973215103149414,0.9505612850189209,2.733478546142578,0.0007105593103915453,0.0,0.002111041219905019,5.8770179748535156e-05
kl,False,0,T3,41984,12,-0.021141335368156433,0.0,0.0013660602271556854,0.8039605021476746,2.7313499450683594,0.0014464305713772774,0.0003255208333333333,0.001327978796325624,0.0001283884048461914
kl,False,0,T3,43008,13,-0.06143782660365105,0.0,-0.003296453505754471,0.46393266320228577,2.7301557064056396,0.0013672909699380398,0.0026041666666666665,0.0020292955450713634,0.00013637542724609375
kl,False,0,T3,44032,14,-0.05352134257555008,0.0,-0.0006047333590686321,0.34659212827682495,2.7275924682617188,0.0004762497264891863,0.012044270833333334,0.0008500061230733991,0.00013810396194458008
kl,False,0,T3,45056,15,0.057122938334941864,0.0,-0.00012284750118851662,0.21680104732513428,2.7308578491210938,0.0016600547824054956,0.0035807291666666665,0.0033208392560482025,0.00014197826385498047
kl,False,0,T3,46080,16,-0.006630290299654007,0.0,0.0007883422076702118,0.11575314402580261,2.73703932762146,0.00019377446733415127,0.0026041666666666665,0.001028319587931037,0.0001531839370727539
kl,False,0,T3,47104,17,-0.02268659882247448,0.0,-0.002610277384519577,0.04926302284002304,2.7448060512542725,0.001277328934520483,0.0008138020833333334,0.002019016072154045,0.0001583099365234375
kl,False,0,T3,48128,18,0.024092230945825577,0.0,-0.011535217054188251,0.01782885380089283,2.7493479251861572,0.0019305546302348375,0.009440104166666666,0.0040006088092923164,0.0001913905143737793
kl,False,0,T3,49152,19,0.06858795881271362,0.0,-0.016444947570562363,0.005623642820864916,2.752149820327759,0.00288750440813601,0.007161458333333333,0.008112823590636253,0.00024384260177612305
kl,False,0,T3,50176,20,0.25731468200683594,0.0,-0.0023389554116874933,0.004459178075194359,2.758270025253296,0.0015177908353507519,0.0003255208333333333,0.010314234532415867,0.0004051327705383301
kl,False,0,T3,51200,21,0.30500319600105286,0.0,-0.008523303084075451,0.005752852186560631,2.7622010707855225,0.0017556122038513422,0.00341796875,0.015519997105002403,0.0005328655242919922
kl,False,0,T3,52224,22,0.35185205936431885,0.0,-0.00756864994764328,0.005261008627712727,2.767570734024048,0.0017313442658632994,0.011393229166666666,0.015751974657177925,0.0007444620132446289
kl,False,0,T3,53248,23,0.5154416561126709,0.0,-0.010696906596422195,0.011613638140261173,2.771505117416382,0.0024088833015412092,0.010091145833333334,0.016844656318426132,0.0009316802024841309
kl,False,0,T3,54272,24,0.46756866574287415,0.0,-0.0059799253940582275,0.009633497335016727,2.7727701663970947,0.00053751515224576,0.0035807291666666665,0.018387209624052048,0.0010446906089782715
kl,False,0,T3,55296,25,0.6801899671554565,0.0,-0.0088392598554492,0.011087378486990929,2.773556709289551,0.002954119583591819,0.021647135416666668,0.024056103080511093,0.0011405348777770996
kl,False,0,T3,56320,26,0.45385581254959106,0.0,0.0006224522367119789,0.0110454261302948,2.775463104248047,0.0019145188853144646,0.00016276041666666666,0.026318402960896492,0.0012496113777160645
kl,False,0,T3,57344,27,0.4801291227340698,0.0,-0.015269245952367783,0.011264396831393242,2.776906728744507,0.0029334251303225756,0.0011393229166666667,0.03838023915886879,0.0013136863708496094
kl,False,0,T3,58368,28,0.6861832141876221,0.0,0.007400847971439362,0.01992618478834629,2.7772276401519775,0.0022065136581659317,0.00048828125,0.024147989228367805,0.0013405680656433105
kl,False,0,T3,59392,29,0.7138649225234985,0.0,0.002671823836863041,0.013831406831741333,2.777444839477539,0.0012060587760061026,0.0,0.021465113386511803,0.001351773738861084
reset,False,0,T1,1024,1,25.78459358215332,1.0,-0.013391975313425064,13.430244445800781,2.7564547061920166,0.006881526671350002,0.10791015625,0.0,0.0
reset,False,0,T1,2048,2,21.377805709838867,1.0,-0.010940540581941605,14.466044425964355,2.7549993991851807,0.006459956057369709,0.08349609375,0.0,0.0
reset,False,0,T1,3072,3,19.269548416137695,1.0,-0.013078209012746811,16.93915557861328,2.755754232406616,0.0030123337637633085,0.08317057291666667,0.0,0.0
reset,False,0,T1,4096,4,23.25687026977539,1.0,-0.007448647171258926,16.517364501953125,2.756985664367676,0.002615508623421192,0.07063802083333333,0.0,0.0
reset,False,0,T1,5120,5,19.305082321166992,1.0,-0.005582164973020554,15.368816375732422,2.756091833114624,0.007951432839035988,0.062337239583333336,0.0,0.0
reset,False,0,T1,6144,6,18.449783325195312,1.0,-0.004631394520401955,14.068913459777832,2.7540838718414307,0.0052687604911625385,0.083984375,0.0,0.0
reset,False,0,T1,7168,7,18.973247528076172,1.0,-0.010674985125660896,11.630362510681152,2.7491910457611084,0.007378850132226944,0.043131510416666664,0.0,0.0
reset,False,0,T1,8192,8,18.718177795410156,1.0,-0.00749043095856905,13.042694091796875,2.7453413009643555,0.005533071234822273,0.07666015625,0.0,0.0
reset,False,0,T1,9216,9,18.779024124145508,1.0,-0.016969501972198486,11.71535587310791,2.742511749267578,0.014051582664251328,0.057454427083333336,0.0,0.0
reset,False,0,T1,10240,10,19.776960372924805,1.0,-0.011339738965034485,10.741066932678223,2.740384101867676,0.006133297458291054,0.0625,0.0,0.0
reset,False,0,T1,11264,11,20.155149459838867,1.0,-0.008694346994161606,9.988389015197754,2.738239049911499,0.004431148059666157,0.0478515625,0.0,0.0
reset,False,0,T1,12288,12,22.049243927001953,1.0,0.0008400864899158478,11.192400932312012,2.73557448387146,0.0038986012805253267,0.006673177083333333,0.0,0.0
reset,False,0,T1,13312,13,16.616634368896484,1.0,-0.006934098433703184,10.047789573669434,2.7354586124420166,0.012561526149511337,0.029459635416666668,0.0,0.0
reset,False,0,T1,14336,14,16.864601135253906,1.0,0.0013656020164489746,10.384395599365234,2.736208200454712,0.009376810863614082,0.022298177083333332,0.0,0.0
reset,False,0,T1,15360,15,15.606844902038574,1.0,-0.015630150213837624,9.905243873596191,2.736398696899414,0.011257516220211983,0.0234375,0.0,0.0
reset,False,0,T1,16384,16,17.437213897705078,1.0,-0.005971584469079971,9.566621780395508,2.7359468936920166,0.005759520456194878,0.0419921875,0.0,0.0
reset,False,0,T1,17408,17,16.29018783569336,1.0,-0.003921593073755503,9.224468231201172,2.735536575317383,0.0009979887399822474,0.0,0.0,0.0
reset,False,0,T1,18432,18,16.212993621826172,1.0,-0.004537476226687431,8.681560516357422,2.7358033657073975,0.0071436576545238495,0.027018229166666668,0.0,0.0
reset,False,0,T1,19456,19,15.814216613769531,1.0,-0.007567357271909714,8.129219055175781,2.7360265254974365,0.005365164950489998,0.009602864583333334,0.0,0.0
reset,False,0,T1,20480,20,16.343738555908203,1.0,0.00453365221619606,7.596994400024414,2.736034393310547,0.0035750812385231256,0.0032552083333333335,0.0,0.0
reset,False,0,T1,21504,21,15.002309799194336,1.0,-0.01013171300292015,7.947236061096191,2.7362802028656006,0.002603266155347228,0.00016276041666666666,0.0,0.0
reset,False,0,T1,22528,22,15.636014938354492,1.0,0.0026811938732862473,7.56109619140625,2.7366085052490234,0.004170206841081381,0.0126953125,0.0,0.0
reset,False,0,T1,23552,23,16.32515525817871,1.0,-0.0024967908393591642,6.884181022644043,2.7364578247070312,0.0003765411674976349,0.0,0.0,0.0
reset,False,0,T1,24576,24,15.716097831726074,1.0,-0.003983084112405777,6.830901145935059,2.736504554748535,0.0028096854221075773,0.0011393229166666667,0.0,0.0
reset,False,0,T1,25600,25,15.472012519836426,1.0,0.0007658470422029495,6.948977947235107,2.736726999282837,0.00032521248795092106,0.0,0.0,0.0
reset,False,0,T1,26624,26,16.18638038635254,1.0,0.0026581361889839172,5.950956344604492,2.736837148666382,0.0004909026902168989,0.0,0.0,0.0
reset,False,0,T1,27648,27,16.8377685546875,1.0,0.0010062754154205322,6.695448875427246,2.736847162246704,0.0002800598740577698,0.0,0.0,0.0
reset,False,0,T1,28672,28,15.481709480285645,1.0,0.0001836959272623062,6.850057125091553,2.7368643283843994,8.953316137194633e-05,0.0,0.0,0.0
reset,False,0,T1,29696,29,15.930320739746094,1.0,6.268732249736786e-05,5.763221740722656,2.7369120121002197,0.00018074549734592438,0.0,0.0,0.0
reset,False,0,T3,1024,1,0.35534387826919556,0.0,-0.02778838388621807,0.0069239637814462185,2.7619078159332275,0.017088038846850395,0.23404947916666666,0.0,0.0
reset,False,0,T3,2048,2,0.7534270286560059,0.0,-0.03723644092679024,0.012882607989013195,2.7673282623291016,0.01177046075463295,0.18196614583333334,0.0,0.0
reset,False,0,T3,3072,3,1.0475257635116577,0.0,-0.016947263851761818,0.05796334519982338,2.7685012817382812,0.00452361349016428,0.22607421875,0.0,0.0
reset,False,0,T3,4096,4,2.106876850128174,0.0,-0.015251404605805874,0.04237831011414528,2.772359609603882,0.00894930586218834,0.21956380208333334,0.0,0.0
reset,False,0,T3,5120,5,2.2988486289978027,0.0,-0.025934290140867233,0.19579638540744781,2.7740118503570557,0.009743082337081432,0.19645182291666666,0.0,0.0
reset,False,0,T3,6144,6,5.624080657958984,0.0,-0.01959945634007454,1.8602142333984375,2.7699968814849854,0.004413872957229614,0.13020833333333334,0.0,0.0
reset,False,0,T3,7168,7,7.203604698181152,0.0,-0.005132608115673065,3.056900978088379,2.7648427486419678,0.009357200935482979,0.11848958333333333,0.0,0.0
reset,False,0,T3,8192,8,22.287691116333008,0.0,-0.00747401500120759,11.37211799621582,2.7623462677001953,0.019552620127797127,0.08528645833333333,0.0,0.0
reset,False,0,T3,9216,9,23.063953399658203,1.0,-0.005627075210213661,12.301359176635742,2.757812261581421,0.016491208225488663,0.09977213541666667,0.0,0.0
reset,False,0,T3,10240,10,16.831459045410156,1.0,-0.009312395006418228,16.14410972595215,2.7513411045074463,0.007928450591862202,0.0625,0.0,0.0
reset,False,0,T3,11264,11,18.446670532226562,1.0,-0.003093259409070015,15.325864791870117,2.749746561050415,0.013975122012197971,0.146484375,0.0,0.0
reset,False,0,T3,12288,12,21.632020950317383,1.0,-0.016899600625038147,14.613706588745117,2.7490193843841553,0.01271850522607565,0.038736979166666664,0.0,0.0
reset,False,0,T3,13312,13,18.34026336669922,1.0,-0.011987149715423584,13.089550971984863,2.747758626937866,0.012234176509082317,0.06689453125,0.0,0.0
reset,False,0,T3,14336,14,16.240549087524414,1.0,0.0014284467324614525,12.669395446777344,2.747793436050415,0.0027592750266194344,0.023274739583333332,0.0,0.0
reset,False,0,T3,15360,15,16.820755004882812,1.0,-0.006254468113183975,12.200356483459473,2.749094247817993,0.015754831954836845,0.048177083333333336,0.0,0.0
reset,False,0,T3,16384,16,17.130966186523438,1.0,0.0020380355417728424,11.247987747192383,2.7487142086029053,0.0030790776945650578,0.0006510416666666666,0.0,0.0
reset,False,0,T3,17408,17,16.266477584838867,1.0,-0.0119832344353199,11.566572189331055,2.7467916011810303,0.005235852673649788,0.0146484375,0.0,0.0
reset,False,0,T3,18432,18,16.279890060424805,1.0,-0.0013765273615717888,10.241363525390625,2.7460978031158447,0.0009104185737669468,0.0,0.0,0.0
reset,False,0,T3,19456,19,20.404876708984375,1.0,-0.0010421965271234512,9.969505310058594,2.746307134628296,0.0001141431275755167,0.0,0.0,0.0
reset,False,0,T3,20480,20,17.283838272094727,1.0,-0.012363765388727188,9.789201736450195,2.7464685440063477,0.005978289991617203,0.012858072916666666,0.0,0.0
reset,False,0,T3,21504,21,17.128572463989258,1.0,-0.011110684834420681,9.170648574829102,2.7467896938323975,0.0028305421583354473,0.0009765625,0.0,0.0
reset,False,0,T3,22528,22,18.42905616760254,1.0,-0.0016156146302819252,8.79568099975586,2.7468340396881104,0.0022045632358640432,0.0011393229166666667,0.0,0.0
reset,False,0,T3,23552,23,17.157459259033203,1.0,-0.000868847593665123,9.376946449279785,2.747061014175415,0.00033382000401616096,0.0,0.0,0.0
reset,False,0,T3,24576,24,16.877103805541992,1.0,-0.0042173899710178375,9.107629776000977,2.747129201889038,0.001170865260064602,0.0,0.0,0.0
reset,False,0,T3,25600,25,16.826358795166016,1.0,-9.875977411866188e-05,8.311773300170898,2.747335433959961,0.00038867793045938015,0.0,0.0,0.0
reset,False,0,T3,26624,26,15.253235816955566,1.0,-0.003985311836004257,7.616720676422119,2.747467041015625,0.000346924876794219,0.0,0.0,0.0
reset,False,0,T3,27648,27,16.650558471679688,1.0,0.00016826298087835312,7.407670021057129,2.7476155757904053,0.00024103722535073757,0.0,0.0,0.0
reset,False,0,T3,28672,28,16.894561767578125,1.0,-0.0003160731866955757,7.616919994354248,2.74765944480896,2.8292881324887276e-05,0.0,0.0,0.0
reset,False,0,T3,29696,29,19.282947540283203,1.0,3.9342790842056274e-05,7.801314353942871,2.7476766109466553,9.683892130851746e-06,0.0,0.0,0.0
single,True,0,T1,1024,1,0.3230243921279907,0.0,-0.00022659078240394592,0.010593446902930737,2.757953405380249,0.010461166501045227,0.1865234375,0.0,0.0
single,True,0,T1,2048,2,0.3730710744857788,0.0,-0.012858344241976738,0.016848066821694374,2.755869150161743,0.022159088402986526,0.21923828125,0.0,0.0
single,True,0,T1,3072,3,0.7989312410354614,0.0,-0.016066601499915123,0.04408583790063858,2.7547171115875244,0.018561678007245064,0.17805989583333334,0.0,0.0
single,True,0,T1,4096,4,2.2549588680267334,0.0,-0.007325567305088043,0.34596648812294006,2.752483606338501,0.012737026438117027,0.13785807291666666,0.0,0.0
single,True,0,T1,5120,5,1.9504096508026123,0.0,-0.001037904992699623,4.021993637084961,2.747560739517212,0.020159661769866943,0.18440755208333334,0.0,0.0
single,True,0,T1,6144,6,20.421897888183594,1.0,0.008648643270134926,9.88087272644043,2.744312047958374,0.012048900127410889,0.06949869791666667,0.0,0.0
single,True,0,T1,7168,7,25.2965030670166,1.0,-0.016655530780553818,9.95127010345459,2.741770029067993,0.00602969154715538,0.05810546875,0.0,0.0
single,True,0,T1,8192,8,21.788843154907227,1.0,-0.006141716614365578,15.840241432189941,2.7378501892089844,0.007188079878687859,0.033203125,0.0,0.0
single,True,0,T1,9216,9,13.109903335571289,0.0,-0.00043028127402067184,12.46955394744873,2.737691640853882,0.008125146850943565,0.052083333333333336,0.0,0.0
single,True,0,T1,10240,10,20.601638793945312,1.0,-0.0056358519941568375,13.690057754516602,2.7380943298339844,0.0021279165521264076,0.07177734375,0.0,0.0
single,True,0,T1,11264,11,20.434755325317383,1.0,-0.002178662456572056,11.417021751403809,2.7380616664886475,0.003884218167513609,0.044270833333333336,0.0,0.0
single,True,0,T1,12288,12,18.330015182495117,1.0,-0.017577039077878,11.146212577819824,2.7356317043304443,0.0069803581573069096,0.07194010416666667,0.0,0.0
single,True,0,T1,13312,13,18.290353775024414,1.0,0.00262460857629776,11.3676118850708,2.7330877780914307,0.00541824521496892,0.016764322916666668,0.0,0.0
single,True,0,T1,14336,14,15.987810134887695,1.0,-0.005893373861908913,11.297856330871582,2.7324750423431396,0.002590199699625373,0.027180989583333332,0.0,0.0
single,True,0,T1,15360,15,19.545427322387695,1.0,-0.005751211196184158,10.391325950622559,2.7319185733795166,0.0027032289654016495,0.014811197916666666,0.0,0.0
single,True,0,T1,16384,16,16.471553802490234,1.0,-0.01991870626807213,9.729196548461914,2.731513738632202,0.010514155961573124,0.057779947916666664,0.0,0.0
single,True,0,T1,17408,17,19.232091903686523,1.0,-0.00026324763894081116,8.546944618225098,2.7311975955963135,0.00033194408752024174,0.0016276041666666667,0.0,0.0
single,True,0,T1,18432,18,17.137332916259766,1.0,-0.008695520460605621,9.532387733459473,2.7304704189300537,0.007797047961503267,0.044108072916666664,0.0,0.0
single,True,0,T1,19456,19,18.06440544128418,1.0,-0.0006730407476425171,9.26203441619873,2.7301409244537354,0.0019267166499048471,0.016438802083333332,0.0,0.0
single,True,0,T1,20480,20,18.835411071777344,1.0,-0.004688527435064316,9.277409553527832,2.729530096054077,0.006939788348972797,0.009602864583333334,0.0,0.0
single,True,0,T1,21504,21,16.829561233520508,1.0,0.0015562502667307854,7.617207050323486,2.7289927005767822,0.007302463054656982,0.025716145833333332,0.0,0.0
single,True,0,T1,22528,22,16.9528865814209,1.0,-0.011628087610006332,8.056137084960938,2.728851556777954,0.006990346126258373,0.037434895833333336,0.0,0.0
single,True,0,T1,23552,23,16.51531982421875,1.0,-0.003303349018096924,7.098245620727539,2.728803873062134,0.0013828088995069265,0.0,0.0,0.0
single,True,0,T1,24576,24,18.345653533935547,1.0,-0.010746479965746403,7.255950927734375,2.728767156600952,0.0044489046558737755,0.00927734375,0.0,0.0
single,True,0,T1,25600,25,17.903806686401367,1.0,0.0007592272013425827,7.132108688354492,2.7288320064544678,0.0003868737258017063,0.0,0.0,0.0
single,True,0,T1,26624,26,19.58670425415039,1.0,-0.0003525353968143463,6.9085493087768555,2.7287099361419678,0.0007781418971717358,0.0,0.0,0.0
single,True,0,T1,27648,27,16.2979679107666,1.0,-0.0006364732980728149,6.765137195587158,2.728714942932129,0.0002071787603199482,0.0,0.0,0.0
single,True,0,T1,28672,28,15.609842300415039,1.0,0.00037573184818029404,7.115511894226074,2.7287333011627197,2.37245112657547e-05,0.0,0.0,0.0
single,True,0,T1,29696,29,19.028581619262695,1.0,-0.0011291662231087685,6.9042487144470215,2.7287025451660156,8.129398338496685e-05,0.0,0.0,0.0
single,True,0,T3,1024,1,0.6901755928993225,0.0,-0.03455497324466705,0.02106383442878723,2.759561777114868,0.005968466866761446,0.21809895833333334,0.0,0.0
single,True,0,T3,2048,2,1.1362462043762207,0.0,-0.03976655751466751,0.029866140335798264,2.7657887935638428,0.02692699246108532,0.23111979166666666,0.0,0.0
single,True,0,T3,3072,3,2.19271183013916,0.0,-0.017412172630429268,0.6283987164497375,2.7689497470855713,0.00880096573382616,0.21077473958333334,0.0,0.0
single,True,0,T3,4096,4,6.074003219604492,0.0,-0.0011494634672999382,0.7600225806236267,2.7730748653411865,0.017940256744623184,0.13199869791666666,0.0,0.0
single,True,0,T3,5120,5,22.499753952026367,1.0,-0.01445571705698967,5.850811004638672,2.7758677005767822,0.0065444051288068295,0.11181640625,0.0,0.0
single,True,0,T3,6144,6,16.847434997558594,0.0,-0.011994076892733574,8.04737663269043,2.7675955295562744,0.00599729735404253,0.10416666666666667,0.0,0.0
single,True,0,T3,7168,7,20.82399559020996,1.0,-0.006673232186585665,13.531461715698242,2.757347345352173,0.0017197851557284594,0.05810546875,0.0,0.0
single,True,0,T3,8192,8,21.134403228759766,0.0,-0.012833038344979286,13.153844833374023,2.7569074630737305,0.005774100311100483,0.08414713541666667,0.0,0.0
single,True,0,T3,9216,9,28.108732223510742,1.0,-0.002950664609670639,14.481622695922852,2.7563705444335938,0.011018645018339157,0.059733072916666664,0.0,0.0
single,True,0,T3,10240,10,20.139400482177734,1.0,-0.0006624022498726845,13.521635055541992,2.752509832382202,0.004161402583122253,0.08561197916666667,0.0,0.0
single,True,0,T3,11264,11,18.733211517333984,1.0,-0.0057116299867630005,14.459522247314453,2.751586675643921,0.005398040637373924,0.048665364583333336,0.0,0.0
single,True,0,T3,12288,12,18.588214874267578,1.0,-0.012250780127942562,13.398096084594727,2.753316640853882,0.004751077853143215,0.04931640625,0.0,0.0
single,True,0,T3,13312,13,19.11566162109375,1.0,-0.009102215990424156,11.3245849609375,2.753539800643921,0.0068748714402318,0.0205078125,0.0,0.0
single,True,0,T3,14336,14,15.99603271484375,1.0,0.0058347489684820175,11.801998138427734,2.752368927001953,0.0080482242628932,0.034342447916666664,0.0,0.0
single,True,0,T3,15360,15,18.32267951965332,1.0,0.010594235733151436,10.934492111206055,2.75160813331604,0.009066940285265446,0.038736979166666664,0.0,0.0
single,True,0,T3,16384,16,15.971518516540527,1.0,0.003987397998571396,10.296969413757324,2.750896453857422,0.00590940797701478,0.00927734375,0.0,0.0
single,True,0,T3,17408,17,18.298219680786133,1.0,-0.006481628865003586,9.612918853759766,2.750150442123413,0.010727325454354286,0.032389322916666664,0.0,0.0
single,True,0,T3,18432,18,19.09067153930664,1.0,0.0033836662769317627,9.33318042755127,2.74930739402771,0.004294465761631727,0.006184895833333333,0.0,0.0
single,True,0,T3,19456,19,16.150218963623047,1.0,-0.01569308713078499,9.522390365600586,2.7485411167144775,0.006845496594905853,0.044270833333333336,0.0,0.0
single,True,0,T3,20480,20,15.925555229187012,1.0,-0.010168768465518951,8.646291732788086,2.747101068496704,0.008422710001468658,0.027669270833333332,0.0,0.0
single,True,0,T3,21504,21,15.96887493133545,1.0,0.0004912381991744041,8.53287410736084,2.7467992305755615,0.0005078641697764397,0.0,0.0,0.0
single,True,0,T3,22528,22,17.848848342895508,1.0,-0.007961989380419254,8.93879222869873,2.7473509311676025,0.006123739294707775,0.006022135416666667,0.0,0.0
single,True,0,T3,23552,23,15.572187423706055,1.0,-0.007756779436022043,8.154319763183594,2.747657537460327,0.004664069041609764,0.004231770833333333,0.0,0.0
single,True,0,T3,24576,24,17.10811996459961,1.0,-0.00023706257343292236,7.8693342208862305,2.747579336166382,0.0028323885053396225,0.0048828125,0.0,0.0
single,True,0,T3,25600,25,15.589034080505371,1.0,-0.0012361034750938416,7.193069934844971,2.7472689151763916,0.0002783068921416998,0.0,0.0,0.0
single,True,0,T3,26624,26,17.372657775878906,1.0,-0.00304553285241127,7.501953125,2.7472150325775146,0.0015184555668383837,0.0,0.0,0.0
single,True,0,T3,27648,27,16.688980102539062,1.0,-0.0006035864353179932,7.11366081237793,2.747405767440796,0.0013939314521849155,0.0,0.0,0.0
single,True,0,T3,28672,28,16.99734115600586,1.0,-0.0028534717857837677,7.13033390045166,2.7474324703216553,0.0005465180147439241,0.0,0.0,0.0
single,True,0,T3,29696,29,16.75022315979004,1.0,-0.0007204189896583557,6.9043121337890625,2.7474591732025146,0.0001445047091692686,0.0,0.0,0.0
multitask,True,0,joint,1024,1,0.6703823804855347,0.0,-0.0027513857930898666,0.008036955259740353,2.756974935531616,0.008820103481411934,0.22623697916666666,0.0,0.0
multitask,True,0,joint,2048,2,0.5904880166053772,0.0,-0.013436631299555302,0.012530137784779072,2.7590372562408447,0.013505899347364902,0.18033854166666666,0.0,0.0
multitask,True,0,joint,3072,3,0.8400429487228394,0.0,-0.012821376323699951,0.0471835732460022,2.7609975337982178,0.014123765751719475,0.21940104166666666,0.0,0.0
multitask,True,0,joint,4096,4,1.648573637008667,0.0,-0.02549564838409424,0.10791414231061935,2.7605743408203125,0.018231863155961037,0.2060546875,0.0,0.0
multitask,True,0,joint,5120,5,8.075729370117188,0.0,-0.018408406525850296,1.1942118406295776,2.760887384414673,0.018338078632950783,0.17757161458333334,0.0,0.0
multitask,True,0,joint,6144,6,29.407773971557617,1.0,-0.0010273531079292297,5.486529350280762,2.759331703186035,0.011842820793390274,0.13883463541666666,0.0,0.0
multitask,True,0,joint,7168,7,19.16638946533203,1.0,-0.010647310875356197,7.404886245727539,2.7530291080474854,0.018783630803227425,0.12386067708333333,0.0,0.0
multitask,True,0,joint,8192,8,17.09619140625,0.0,-0.006712235510349274,13.41304874420166,2.744547128677368,0.005721369758248329,0.051106770833333336,0.0,0.0
multitask,True,0,joint,9216,9,20.002843856811523,1.0,-4.7905370593070984e-05,13.363197326660156,2.7432901859283447,0.006683028768748045,0.12727864583333334,0.0,0.0
multitask,True,0,joint,10240,10,25.879621505737305,1.0,-0.014417260885238647,14.840938568115234,2.7446305751800537,0.008587285876274109,0.061360677083333336,0.0,0.0
multitask,True,0,joint,11264,11,18.4852352142334,1.0,-0.015716100111603737,12.870382308959961,2.744842767715454,0.007004755083471537,0.06787109375,0.0,0.0
multitask,True,0,joint,12288,12,19.61312484741211,1.0,-0.007923901081085205,12.400044441223145,2.7453155517578125,0.0034798583947122097,0.039388020833333336,0.0,0.0
multitask,True,0,joint,13312,13,17.96830940246582,1.0,-0.003721097484230995,11.10762882232666,2.7436869144439697,0.0056845080107450485,0.0634765625,0.0,0.0
multitask,True,0,joint,14336,14,27.583881378173828,1.0,0.008028607815504074,9.70195484161377,2.7417924404144287,0.007649338338524103,0.020345052083333332,0.0,0.0
multitask,True,0,joint,15360,15,17.886213302612305,1.0,-0.0014870990999042988,9.789507865905762,2.742316246032715,0.004304586909711361,0.051920572916666664,0.0,0.0
multitask,True,0,joint,16384,16,17.807231903076172,1.0,-0.0006812755018472672,10.097675323486328,2.74039363861084,0.010672282427549362,0.06266276041666667,0.0,0.0
multitask,True,0,joint,17408,17,18.870559692382812,1.0,-0.0044785612262785435,10.314635276794434,2.73776912689209,0.00937202200293541,0.06559244791666667,0.0,0.0
multitask,True,0,joint,18432,18,17.716657638549805,1.0,-0.006178662180900574,10.041040420532227,2.734328269958496,0.008648972027003765,0.035319010416666664,0.0,0.0
multitask,True,0,joint,19456,19,15.638140678405762,1.0,-0.009923744946718216,9.31317138671875,2.7320806980133057,0.010445857420563698,0.0537109375,0.0,0.0
multitask,True,0,joint,20480,20,16.371944427490234,1.0,-0.0077108172699809074,8.46242618560791,2.7311646938323975,0.004841719754040241,0.059407552083333336,0.0,0.0
multitask,True,0,joint,21504,21,15.80283260345459,1.0,0.0002110544592142105,7.73274040222168,2.731004476547241,0.008494898676872253,0.06103515625,0.0,0.0
multitask,True,0,joint,22528,22,15.818774223327637,1.0,0.002038409002125263,8.188741683959961,2.7304258346557617,0.015608553774654865,0.028157552083333332,0.0,0.0
multitask,True,0,joint,23552,23,20.956090927124023,1.0,-0.019096970558166504,7.764617919921875,2.729360818862915,0.01160447858273983,0.0400390625,0.0,0.0
multitask,True,0,joint,24576,24,17.669071197509766,1.0,-0.012216301634907722,7.240448951721191,2.729898452758789,0.007752519100904465,0.033854166666666664,0.0,0.0
multitask,True,0,joint,25600,25,13.862515449523926,1.0,-0.01579391583800316,6.8183794021606445,2.730238199234009,0.01400652527809143,0.056640625,0.0,0.0
multitask,True,0,joint,26624,26,14.726630210876465,1.0,-0.005017373710870743,6.880470275878906,2.730530023574829,0.004418817348778248,0.022786458333333332,0.0,0.0
multitask,True,0,joint,27648,27,15.636242866516113,1.0,-0.004331708885729313,6.631739616394043,2.7321548461914062,0.00830421969294548,0.015299479166666666,0.0,0.0
multitask,True,0,joint,28672,28,15.948400497436523,1.0,-0.021175168454647064,6.73370361328125,2.7335145473480225,0.009843339212238789,0.04638671875,0.0,0.0
multitask,True,0,joint,29696,29,16.123735427856445,1.0,-0.013276360929012299,7.0652265548706055,2.734215021133423,0.00792347639799118,0.10042317708333333,0.0,0.0
multitask,True,0,joint,30720,30,14.452741622924805,1.0,-0.0046194009482860565,6.268537521362305,2.7343406677246094,0.004338169004768133,0.00244140625,0.0,0.0
multitask,True,0,joint,31744,31,15.846452713012695,1.0,0.0003900248557329178,5.331554412841797,2.7335357666015625,0.0047375513240695,0.06005859375,0.0,0.0
multitask,True,0,joint,32768,32,16.023761749267578,1.0,-0.009347011335194111,6.355984210968018,2.732933282852173,0.009877346456050873,0.041829427083333336,0.0,0.0
multitask,True,0,joint,33792,33,16.600019454956055,1.0,-0.009099172428250313,5.568462371826172,2.733112096786499,0.007489004172384739,0.029947916666666668,0.0,0.0
multitask,True,0,joint,34816,34,16.161638259887695,1.0,-0.006859355606138706,6.385728359222412,2.7341670989990234,0.0037380538415163755,0.004069010416666667,0.0,0.0
multitask,True,0,joint,35840,35,18.046537399291992,1.0,-0.0029801102355122566,6.4884748458862305,2.7352983951568604,0.011174189858138561,0.04541015625,0.0,0.0
multitask,True,0,joint,36864,36,15.717647552490234,1.0,-0.009803449735045433,5.966884613037109,2.735328435897827,0.0053956895135343075,0.031575520833333336,0.0,0.0
multitask,True,0,joint,37888,37,18.938465118408203,1.0,-0.007766004651784897,7.027145862579346,2.735792398452759,0.008512012660503387,0.026204427083333332,0.0,0.0
multitask,True,0,joint,38912,38,23.314878463745117,1.0,-0.010410873219370842,5.864792823791504,2.734386682510376,0.005792644806206226,0.04638671875,0.0,0.0
multitask,True,0,joint,39936,39,15.390143394470215,1.0,-0.0035971887409687042,4.901449203491211,2.7340357303619385,0.008393736556172371,0.09537760416666667,0.0,0.0
multitask,True,0,joint,40960,40,17.942686080932617,1.0,-0.009373162873089314,6.168892860412598,2.7337121963500977,0.0111047038808465,0.0908203125,0.0,0.0
multitask,True,0,joint,41984,41,18.648468017578125,1.0,-0.007806079462170601,6.717079162597656,2.732729911804199,0.0054052891209721565,0.02783203125,0.0,0.0
multitask,True,0,joint,43008,42,14.854720115661621,1.0,-0.003315504640340805,5.4258551597595215,2.731567621231079,0.005125740543007851,0.03173828125,0.0,0.0
multitask,True,0,joint,44032,43,32.1054801940918,1.0,0.0025543076917529106,7.155004024505615,2.7301995754241943,0.005787994712591171,0.02490234375,0.0,0.0
multitask,True,0,joint,45056,44,19.205751419067383,1.0,-0.0033835750073194504,5.97800350189209,2.729473114013672,0.005952124483883381,0.028971354166666668,0.0,0.0
multitask,True,0,joint,46080,45,19.401174545288086,1.0,6.906688213348389e-05,5.898863315582275,2.731088399887085,0.00735130812972784,0.01611328125,0.0,0.0
multitask,True,0,joint,47104,46,16.377107620239258,1.0,-0.00452795997262001,6.130313873291016,2.732656717300415,0.003559462260454893,0.0037434895833333335,0.0,0.0
multitask,True,0,joint,48128,47,18.609376907348633,1.0,-0.0030858851969242096,6.413939952850342,2.7338922023773193,0.006972012110054493,0.027994791666666668,0.0,0.0
multitask,True,0,joint,49152,48,19.454984664916992,1.0,-0.006229763850569725,6.644240856170654,2.7351419925689697,0.008112011477351189,0.042317708333333336,0.0,0.0
multitask,True,0,joint,50176,49,14.89596176147461,1.0,-0.0021326597779989243,6.949065685272217,2.7360780239105225,0.005392345599830151,0.010091145833333334,0.0,0.0
multitask,True,0,joint,51200,50,16.26201820373535,1.0,-0.00608744565397501,6.305166244506836,2.737009048461914,0.005939255468547344,0.05078125,0.0,0.0
multitask,True,0,joint,52224,51,17.540756225585938,1.0,-0.010236657224595547,6.227991104125977,2.7369611263275146,0.007529072463512421,0.021647135416666668,0.0,0.0
multitask,True,0,joint,53248,52,25.34242057800293,1.0,-0.0038160718977451324,6.599132537841797,2.7371714115142822,0.008060628548264503,0.020833333333333332,0.0,0.0
multitask,True,0,joint,54272,53,18.22441291809082,1.0,-0.008160527795553207,6.303043842315674,2.7375144958496094,0.010873155668377876,0.046549479166666664,0.0,0.0
multitask,True,0,joint,55296,54,15.066490173339844,1.0,-0.0038315672427415848,7.808452606201172,2.7375948429107666,0.0053760213777422905,0.0078125,0.0,0.0
multitask,True,0,joint,56320,55,18.75774383544922,1.0,-0.010690778493881226,6.961575984954834,2.737163543701172,0.005275703966617584,0.01025390625,0.0,0.0
multitask,True,0,joint,57344,56,16.60637664794922,0.0,-0.0013988595455884933,7.8351263999938965,2.736996650695801,0.00019964808598160744,0.0,0.0,0.0
multitask,True,0,joint,58368,57,18.414453506469727,1.0,-0.006653757765889168,8.495312690734863,2.7370893955230713,0.000596627127379179,0.0,0.0,0.0
multitask,True,0,joint,59392,58,16.394193649291992,1.0,-0.0013423953205347061,6.95029354095459,2.7371606826782227,0.00016871141269803047,0.0,0.0,0.0
finetune,True,0,T1,1024,1,0.3230243921279907,0.0,-0.00022659078240394592,0.010593446902930737,2.757953405380249,0.010461166501045227,0.1865234375,0.0,0.0
finetune,True,0,T1,2048,2,0.3730710744857788,0.0,-0.012858344241976738,0.016848066821694374,2.755869150161743,0.022159088402986526,0.21923828125,0.0,0.0
finetune,True,0,T1,3072,3,0.7989312410354614,0.0,-0.016066601499915123,0.04408583790063858,2.7547171115875244,0.018561678007245064,0.17805989583333334,0.0,0.0
finetune,True,0,T1,4096,4,2.2549588680267334,0.0,-0.007325567305088043,0.34596648812294006,2.752483606338501,0.012737026438117027,0.13785807291666666,0.0,0.0
finetune,True,0,T1,5120,5,1.9504096508026123,0.0,-0.001037904992699623,4.021993637084961,2.747560739517212,0.020159661769866943,0.18440755208333334,0.0,0.0
finetune,True,0,T1,6144,6,20.421897888183594,1.0,0.008648643270134926,9.88087272644043,2.744312047958374,0.012048900127410889,0.06949869791666667,0.0,0.0
finetune,True,0,T1,7168,7,25.2965030670166,1.0,-0.016655530780553818,9.95127010345459,2.741770029067993,0.00602969154715538,0.05810546875,0.0,0.0
finetune,True,0,T1,8192,8,21.788843154907227,1.0,-0.006141716614365578,15.840241432189941,2.7378501892089844,0.007188079878687859,0.033203125,0.0,0.0
finetune,True,0,T1,9216,9,13.109903335571289,0.0,-0.00043028127402067184,12.46955394744873,2.737691640853882,0.008125146850943565,0.052083333333333336,0.0,0.0
finetune,True,0,T1,10240,10,20.601638793945312,1.0,-0.0056358519941568375,13.690057754516602,2.7380943298339844,0.0021279165521264076,0.07177734375,0.0,0.0
finetune,True,0,T1,11264,11,20.434755325317383,1.0,-0.002178662456572056,11.417021751403809,2.7380616664886475,0.003884218167513609,0.044270833333333336,0.0,0.0
finetune,True,0,T1,12288,12,18.330015182495117,1.0,-0.017577039077878,11.146212577819824,2.7356317043304443,0.0069803581573069096,0.07194010416666667,0.0,0.0
finetune,True,0,T1,13312,13,18.290353775024414,1.0,0.00262460857629776,11.3676118850708,2.7330877780914307,0.00541824521496892,0.016764322916666668,0.0,0.0
finetune,True,0,T1,14336,14,15.987810134887695,1.0,-0.005893373861908913,11.297856330871582,2.7324750423431396,0.002590199699625373,0.027180989583333332,0.0,0.0
finetune,True,0,T1,15360,15,19.545427322387695,1.0,-0.005751211196184158,10.391325950622559,2.7319185733795166,0.0027032289654016495,0.014811197916666666,0.0,0.0
finetune,True,0,T1,16384,16,16.471553802490234,1.0,-0.01991870626807213,9.729196548461914,2.731513738632202,0.010514155961573124,0.057779947916666664,0.0,0.0
finetune,True,0,T1,17408,17,19.232091903686523,1.0,-0.00026324763894081116,8.546944618225098,2.7311975955963135,0.00033194408752024174,0.0016276041666666667,0.0,0.0
finetune,True,0,T1,18432,18,17.137332916259766,1.0,-0.008695520460605621,9.532387733459473,2.7304704189300537,0.007797047961503267,0.044108072916666664,0.0,0.0
finetune,True,0,T1,19456,19,18.06440544128418,1.0,-0.0006730407476425171,9.26203441619873,2.7301409244537354,0.0019267166499048471,0.016438802083333332,0.0,0.0
finetune,True,0,T1,20480,20,18.835411071777344,1.0,-0.004688527435064316,9.277409553527832,2.729530096054077,0.006939788348972797,0.009602864583333334,0.0,0.0
finetune,True,0,T1,21504,21,16.829561233520508,1.0,0.0015562502667307854,7.617207050323486,2.7289927005767822,0.007302463054656982,0.025716145833333332,0.0,0.0
finetune,True,0,T1,22528,22,16.9528865814209,1.0,-0.011628087610006332,8.056137084960938,2.728851556777954,0.006990346126258373,0.037434895833333336,0.0,0.0
finetune,True,0,T1,23552,23,16.51531982421875,1.0,-0.003303349018096924,7.098245620727539,2.728803873062134,0.0013828088995069265,0.0,0.0,0.0
finetune,True,0,T1,24576,24,18.345653533935547,1.0,-0.010746479965746403,7.255950927734375,2.728767156600952,0.0044489046558737755,0.00927734375,0.0,0.0
finetune,True,0,T1,25600,25,17.903806686401367,1.0,0.0007592272013425827,7.132108688354492,2.7288320064544678,0.0003868737258017063,0.0,0.0,0.0
finetune,True,0,T1,26624,26,19.58670425415039,1.0,-0.0003525353968143463,6.9085493087768555,2.7287099361419678,0.0007781418971717358,0.0,0.0,0.0
finetune,True,0,T1,27648,27,16.2979679107666,1.0,-0.0006364732980728149,6.765137195587158,2.728714942932129,0.0002071787603199482,0.0,0.0,0.0
finetune,True,0,T1,28672,28,15.609842300415039,1.0,0.00037573184818029404,7.115511894226074,2.7287333011627197,2.37245112657547e-05,0.0,0.0,0.0
finetune,True,0,T1,29696,29,19.028581619262695,1.0,-0.0011291662231087685,6.9042487144470215,2.7287025451660156,8.129398338496685e-05,0.0,0.0,0.0
finetune,True,0,T3,30720,1,-0.266184002161026,0.0,0.0001751575618982315,2.103105068206787,2.7302629947662354,0.012174074538052082,0.095703125,0.0,0.0
finetune,True,0,T3,31744,2,-0.20979970693588257,0.0,-0.005481566768139601,1.3112674951553345,2.731842041015625,0.006754914298653603,0.16910807291666666,0.0,0.0
finetune,True,0,T3,32768,3,-0.2134876847267151,0.0,0.014497606083750725,1.298255443572998,2.7349531650543213,0.016757279634475708,0.126953125,0.0,0.0
finetune,True,0,T3,33792,4,-0.1735576093196869,0.0,-0.0024519991129636765,1.0330276489257812,2.73775315284729,0.003989961929619312,0.045084635416666664,0.0,0.0
finetune,True,0,T3,34816,5,-0.06921335309743881,0.0,-0.004685324151068926,0.6292457580566406,2.736989736557007,0.0022949730046093464,0.06722005208333333,0.0,0.0
finetune,True,0,T3,35840,6,-0.06209747493267059,0.0,-0.0010107289999723434,0.46853333711624146,2.7348806858062744,0.0024806205183267593,0.03466796875,0.0,0.0
finetune,True,0,T3,36864,7,-0.06916967034339905,0.0,-0.01859511062502861,0.4374663531780243,2.7327308654785156,0.006879000924527645,0.06608072916666667,0.0,0.0
finetune,True,0,T3,37888,8,-0.021228795871138573,0.0,-0.010774651542305946,0.2526967525482178,2.7298221588134766,0.013272879645228386,0.06852213541666667,0.0,0.0
finetune,True,0,T3,38912,9,-0.046573955565690994,0.0,-0.013540584594011307,0.16237694025039673,2.727487802505493,0.005611462518572807,0.04931640625,0.0,0.0
finetune,True,0,T3,39936,10,-0.12117757648229599,0.0,-0.003457486629486084,0.10002604871988297,2.7264444828033447,0.0012361651752144098,0.02978515625,0.0,0.0
finetune,True,0,T3,40960,11,-0.14783453941345215,0.0,-0.0007662028074264526,0.06303337961435318,2.7256853580474854,0.0036241731140762568,0.02294921875,0.0,0.0
finetune,True,0,T3,41984,12,-0.1247788816690445,0.0,-0.002646835520863533,0.037377238273620605,2.7220993041992188,0.003039912786334753,0.017415364583333332,0.0,0.0
finetune,True,0,T3,43008,13,-0.12682689726352692,0.0,-0.0018615573644638062,0.012447601184248924,2.720400094985962,0.010724078863859177,0.06298828125,0.0,0.0
finetune,True,0,T3,44032,14,-0.09279312193393707,0.0,-0.007212670519948006,0.006335217040032148,2.7185678482055664,0.00859794206917286,0.10400390625,0.0,0.0
finetune,True,0,T3,45056,15,0.06805840879678726,0.0,-0.011171948164701462,0.005119007080793381,2.7215940952301025,0.007583216764032841,0.11214192708333333,0.0,0.0
finetune,True,0,T3,46080,16,0.08309383690357208,0.0,-0.00912574864923954,0.0016339643625542521,2.7268617153167725,0.011174498125910759,0.13004557291666666,0.0,0.0
finetune,True,0,T3,47104,17,0.24843573570251465,0.0,-0.01422742661088705,0.004010460339486599,2.731820821762085,0.008150046691298485,0.2540690104166667,0.0,0.0
finetune,True,0,T3,48128,18,0.5141117572784424,0.0,-0.02843758836388588,0.01388950739055872,2.7351057529449463,0.007590120192617178,0.212890625,0.0,0.0
finetune,True,0,T3,49152,19,0.767674446105957,0.0,-0.030114155262708664,0.010026424191892147,2.7365567684173584,0.007305428385734558,0.1923828125,0.0,0.0
finetune,True,0,T3,50176,20,1.447819471359253,0.0,-0.023042283952236176,0.02235501818358898,2.737013101577759,0.009276024997234344,0.19466145833333334,0.0,0.0
finetune,True,0,T3,51200,21,3.502462148666382,0.0,-0.011042295023798943,0.19316931068897247,2.737894296646118,0.010173885151743889,0.18082682291666666,0.0,0.0
finetune,True,0,T3,52224,22,3.1753766536712646,0.0,-0.004236910492181778,0.2956390380859375,2.73903751373291,0.015480552799999714,0.1474609375,0.0,0.0
finetune,True,0,T3,53248,23,9.131552696228027,0.0,0.010159466415643692,4.651082992553711,2.739373207092285,0.022364217787981033,0.051432291666666664,0.0,0.0
finetune,True,0,T3,54272,24,18.077938079833984,1.0,-0.01538831926882267,9.16069221496582,2.7383718490600586,0.01588885672390461,0.07373046875,0.0,0.0
finetune,True,0,T3,55296,25,18.643003463745117,1.0,-0.007288513705134392,17.283884048461914,2.737504005432129,0.005670215934514999,0.0048828125,0.0,0.0
finetune,True,0,T3,56320,26,18.029157638549805,1.0,0.0011154552921652794,16.308666229248047,2.737537145614624,0.004473274573683739,0.007486979166666667,0.0,0.0
finetune,True,0,T3,57344,27,18.922916412353516,1.0,-0.005754898302257061,15.218576431274414,2.737201452255249,0.0013529837597161531,0.0,0.0,0.0
finetune,True,0,T3,58368,28,20.13102912902832,1.0,0.00140426866710186,14.99460220336914,2.7369384765625,0.0007252139039337635,0.0,0.0,0.0
finetune,True,0,T3,59392,29,17.869646072387695,1.0,-0.0003000563010573387,14.902406692504883,2.7369043827056885,1.4580786228179932e-05,0.0,0.0,0.0
kl,True,0,T1,1024,1,0.3230243921279907,0.0,-0.00022659078240394592,0.010593446902930737,2.757953405380249,0.010461166501045227,0.1865234375,0.0,0.0
kl,True,0,T1,2048,2,0.3730710744857788,0.0,-0.012858344241976738,0.016848066821694374,2.755869150161743,0.022159088402986526,0.21923828125,0.0,0.0
kl,True,0,T1,3072,3,0.7989312410354614,0.0,-0.016066601499915123,0.04408583790063858,2.7547171115875244,0.018561678007245064,0.17805989583333334,0.0,0.0
kl,True,0,T1,4096,4,2.2549588680267334,0.0,-0.007325567305088043,0.34596648812294006,2.752483606338501,0.012737026438117027,0.13785807291666666,0.0,0.0
kl,True,0,T1,5120,5,1.9504096508026123,0.0,-0.001037904992699623,4.021993637084961,2.747560739517212,0.020159661769866943,0.18440755208333334,0.0,0.0
kl,True,0,T1,6144,6,20.421897888183594,1.0,0.008648643270134926,9.88087272644043,2.744312047958374,0.012048900127410889,0.06949869791666667,0.0,0.0
kl,True,0,T1,7168,7,25.2965030670166,1.0,-0.016655530780553818,9.95127010345459,2.741770029067993,0.00602969154715538,0.05810546875,0.0,0.0
kl,True,0,T1,8192,8,21.788843154907227,1.0,-0.006141716614365578,15.840241432189941,2.7378501892089844,0.007188079878687859,0.033203125,0.0,0.0
kl,True,0,T1,9216,9,13.109903335571289,0.0,-0.00043028127402067184,12.46955394744873,2.737691640853882,0.008125146850943565,0.052083333333333336,0.0,0.0
kl,True,0,T1,10240,10,20.601638793945312,1.0,-0.0056358519941568375,13.690057754516602,2.7380943298339844,0.0021279165521264076,0.07177734375,0.0,0.0
kl,True,0,T1,11264,11,20.434755325317383,1.0,-0.002178662456572056,11.417021751403809,2.7380616664886475,0.003884218167513609,0.044270833333333336,0.0,0.0
kl,True,0,T1,12288,12,18.330015182495117,1.0,-0.017577039077878,11.146212577819824,2.7356317043304443,0.0069803581573069096,0.07194010416666667,0.0,0.0
kl,True,0,T1,13312,13,18.290353775024414,1.0,0.00262460857629776,11.3676118850708,2.7330877780914307,0.00541824521496892,0.016764322916666668,0.0,0.0
kl,True,0,T1,14336,14,15.987810134887695,1.0,-0.005893373861908913,11.297856330871582,2.7324750423431396,0.002590199699625373,0.027180989583333332,0.0,0.0
kl,True,0,T1,15360,15,19.545427322387695,1.0,-0.005751211196184158,10.391325950622559,2.7319185733795166,0.0027032289654016495,0.014811197916666666,0.0,0.0
kl,True,0,T1,16384,16,16.471553802490234,1.0,-0.01991870626807213,9.729196548461914,2.731513738632202,0.010514155961573124,0.057779947916666664,0.0,0.0
kl,True,0,T1,17408,17,19.232091903686523,1.0,-0.00026324763894081116,8.546944618225098,2.7311975955963135,0.00033194408752024174,0.0016276041666666667,0.0,0.0
kl,True,0,T1,18432,18,17.137332916259766,1.0,-0.008695520460605621,9.532387733459473,2.7304704189300537,0.007797047961503267,0.044108072916666664,0.0,0.0
kl,True,0,T1,19456,19,18.06440544128418,1.0,-0.0006730407476425171,9.26203441619873,2.7301409244537354,0.0019267166499048471,0.016438802083333332,0.0,0.0
kl,True,0,T1,20480,20,18.835411071777344,1.0,-0.004688527435064316,9.277409553527832,2.729530096054077,0.006939788348972797,0.009602864583333334,0.0,0.0
kl,True,0,T1,21504,21,16.829561233520508,1.0,0.0015562502667307854,7.617207050323486,2.7289927005767822,0.007302463054656982,0.025716145833333332,0.0,0.0
kl,True,0,T1,22528,22,16.9528865814209,1.0,-0.011628087610006332,8.056137084960938,2.728851556777954,0.006990346126258373,0.037434895833333336,0.0,0.0
kl,True,0,T1,23552,23,16.51531982421875,1.0,-0.003303349018096924,7.098245620727539,2.728803873062134,0.0013828088995069265,0.0,0.0,0.0
kl,True,0,T1,24576,24,18.345653533935547,1.0,-0.010746479965746403,7.255950927734375,2.728767156600952,0.0044489046558737755,0.00927734375,0.0,0.0
kl,True,0,T1,25600,25,17.903806686401367,1.0,0.0007592272013425827,7.132108688354492,2.7288320064544678,0.0003868737258017063,0.0,0.0,0.0
kl,True,0,T1,26624,26,19.58670425415039,1.0,-0.0003525353968143463,6.9085493087768555,2.7287099361419678,0.0007781418971717358,0.0,0.0,0.0
kl,True,0,T1,27648,27,16.2979679107666,1.0,-0.0006364732980728149,6.765137195587158,2.728714942932129,0.0002071787603199482,0.0,0.0,0.0
kl,True,0,T1,28672,28,15.609842300415039,1.0,0.00037573184818029404,7.115511894226074,2.7287333011627197,2.37245112657547e-05,0.0,0.0,0.0
kl,True,0,T1,29696,29,19.028581619262695,1.0,-0.0011291662231087685,6.9042487144470215,2.7287025451660156,8.129398338496685e-05,0.0,0.0,0.0
kl,True,0,T3,30720,1,-0.266184002161026,0.0,0.004427311941981316,2.1033918857574463,2.729534387588501,0.008277281187474728,0.06770833333333333,0.0015865284949541092,3.641843795776367e-05
kl,True,0,T3,31744,2,-0.23152241110801697,0.0,-0.005344088654965162,1.313286304473877,2.7306573390960693,0.003844269784167409,0.10481770833333333,0.00252361549064517,0.00012129545211791992
kl,True,0,T3,32768,3,-0.20752733945846558,0.0,0.0074651362374424934,1.2518357038497925,2.734596014022827,0.0061906976625323296,0.09798177083333333,0.0002702843048609793,0.00016123056411743164
kl,True,0,T3,33792,4,-0.18629178404808044,0.0,-0.015418153256177902,0.9732145071029663,2.7360455989837646,0.0030495335813611746,0.059733072916666664,0.002042689360678196,0.00016444921493530273
kl,True,0,T3,34816,5,-0.10463730990886688,0.0,-0.004953198134899139,0.5845713019371033,2.7351837158203125,0.003437279723584652,0.04736328125,0.0005688611418008804,0.00012546777725219727
kl,True,0,T3,35840,6,-0.12658068537712097,0.0,-0.0012194160372018814,0.42124712467193604,2.7316534519195557,0.0026594786904752254,0.04296875,0.0015822281129658222,0.00010544061660766602
kl,True,0,T3,36864,7,-0.14064961671829224,0.0,-0.010002240538597107,0.3833143711090088,2.7286932468414307,0.003721598768606782,0.07747395833333333,0.00078316789586097,0.00011938810348510742
kl,True,0,T3,37888,8,-0.09770441055297852,0.0,-0.007917980663478374,0.21599116921424866,2.7254438400268555,0.007953501306474209,0.06901041666666667,0.0030250204727053642,0.00012004375457763672
kl,True,0,T3,38912,9,-0.1075483188033104,0.0,-0.01157761737704277,0.14426147937774658,2.7242891788482666,0.004688541404902935,0.034016927083333336,0.0007371018291451037,0.00011134147644042969
kl,True,0,T3,39936,10,-0.162607803940773,0.0,-0.006556835025548935,0.08559111505746841,2.724303960800171,0.003413389204069972,0.024739583333333332,0.001772184856235981,4.26173210144043e-05
kl,True,0,T3,40960,11,-0.1775018274784088,0.0,-0.0009454265236854553,0.050131190568208694,2.724355459213257,0.0022416559513658285,0.019856770833333332,0.00133710412774235,6.896257400512695e-05
kl,True,0,T3,41984,12,-0.1451970636844635,0.0,0.0072412192821502686,0.026326073333621025,2.721290349960327,0.0055451905354857445,0.02197265625,0.0008996968972496688,0.0001385211944580078
kl,True,0,T3,43008,13,-0.13030102849006653,0.0,-0.004219017922878265,0.009288730099797249,2.720309257507324,0.007835125550627708,0.06298828125,0.0010633748024702072,0.00014001131057739258
kl,True,0,T3,44032,14,-0.07472201436758041,0.0,-0.009798510931432247,0.005092230625450611,2.7184484004974365,0.010116489604115486,0.11116536458333333,0.0007558063953183591,0.00014072656631469727
kl,True,0,T3,45056,15,0.11867433786392212,0.0,-0.016960492357611656,0.004485336132347584,2.7222843170166016,0.008533269166946411,0.12646484375,0.0005611845408566296,0.0001251697540283203
kl,True,0,T3,46080,16,0.1342790126800537,0.0,-0.007229875773191452,0.001547384075820446,2.7277090549468994,0.017384834587574005,0.16227213541666666,0.0008498008246533573,0.0001245737075805664
kl,True,0,T3,47104,17,0.34489426016807556,0.0,-0.017047056928277016,0.005812184885144234,2.732344627380371,0.017633739858865738,0.22265625,0.0011113514192402363,0.00015556812286376953
kl,True,0,T3,48128,18,0.7939165830612183,0.0,-0.03180962800979614,0.026685720309615135,2.7344799041748047,0.012530306354165077,0.16389973958333334,0.0011217077262699604,0.00017058849334716797
kl,True,0,T3,49152,19,1.6963460445404053,0.0,-0.036188073456287384,0.03641767054796219,2.735046148300171,0.01287633366882801,0.16080729166666666,0.00094947824254632,0.0001526474952697754
kl,True,0,T3,50176,20,3.630682945251465,0.0,-0.022319791838526726,0.2835087478160858,2.7331666946411133,0.012398249469697475,0.15250651041666666,0.0013152840547263622,0.00012892484664916992
kl,True,0,T3,51200,21,10.117291450500488,0.0,-0.014936450868844986,2.291832447052002,2.731710195541382,0.0081446198746562,0.10123697916666667,0.0013640502002090216,0.00010919570922851562
kl,True,0,T3,52224,22,15.080802917480469,0.0,-0.003377489745616913,7.707413673400879,2.731799840927124,0.014265885576605797,0.08333333333333333,0.000653269758913666,9.298324584960938e-05
kl,True,0,T3,53248,23,23.092933654785156,1.0,0.0015951897948980331,10.99271011352539,2.7319371700286865,0.019863568246364594,0.055989583333333336,0.002490226412191987,8.928775787353516e-05
kl,True,0,T3,54272,24,18.15741729736328,1.0,-0.0029130112379789352,16.13031578063965,2.731487512588501,0.009768807329237461,0.027180989583333332,0.0011676913127303123,9.208917617797852e-05
kl,True,0,T3,55296,25,19.072555541992188,1.0,-0.0010299701243638992,16.270732879638672,2.731567144393921,0.0028289330657571554,0.0003255208333333333,0.0008512195781804621,9.185075759887695e-05
kl,True,0,T3,56320,26,16.847061157226562,1.0,-0.007855452597141266,15.656518936157227,2.73160719871521,0.002621512161567807,0.0013020833333333333,0.0010960057843476534,8.71419906616211e-05
kl,True,0,T3,57344,27,17.865283966064453,1.0,0.0007403967902064323,14.172220230102539,2.7312355041503906,0.0011593212839215994,0.0,0.0008729301625862718,8.147954940795898e-05
kl,True,0,T3,58368,28,17.573951721191406,1.0,0.0015307944267988205,13.099649429321289,2.7310845851898193,0.0006001738365739584,0.0,0.0010271163191646338,7.891654968261719e-05
kl,True,0,T3,59392,29,19.985055923461914,1.0,0.0003491416573524475,14.68313980102539,2.731065511703491,1.12093985080719e-05,0.0,0.0007908589323051274,7.861852645874023e-05
reset,True,0,T1,1024,1,0.3230243921279907,0.0,-0.00022659078240394592,0.010593446902930737,2.757953405380249,0.010461166501045227,0.1865234375,0.0,0.0
reset,True,0,T1,2048,2,0.3730710744857788,0.0,-0.012858344241976738,0.016848066821694374,2.755869150161743,0.022159088402986526,0.21923828125,0.0,0.0
reset,True,0,T1,3072,3,0.7989312410354614,0.0,-0.016066601499915123,0.04408583790063858,2.7547171115875244,0.018561678007245064,0.17805989583333334,0.0,0.0
reset,True,0,T1,4096,4,2.2549588680267334,0.0,-0.007325567305088043,0.34596648812294006,2.752483606338501,0.012737026438117027,0.13785807291666666,0.0,0.0
reset,True,0,T1,5120,5,1.9504096508026123,0.0,-0.001037904992699623,4.021993637084961,2.747560739517212,0.020159661769866943,0.18440755208333334,0.0,0.0
reset,True,0,T1,6144,6,20.421897888183594,1.0,0.008648643270134926,9.88087272644043,2.744312047958374,0.012048900127410889,0.06949869791666667,0.0,0.0
reset,True,0,T1,7168,7,25.2965030670166,1.0,-0.016655530780553818,9.95127010345459,2.741770029067993,0.00602969154715538,0.05810546875,0.0,0.0
reset,True,0,T1,8192,8,21.788843154907227,1.0,-0.006141716614365578,15.840241432189941,2.7378501892089844,0.007188079878687859,0.033203125,0.0,0.0
reset,True,0,T1,9216,9,13.109903335571289,0.0,-0.00043028127402067184,12.46955394744873,2.737691640853882,0.008125146850943565,0.052083333333333336,0.0,0.0
reset,True,0,T1,10240,10,20.601638793945312,1.0,-0.0056358519941568375,13.690057754516602,2.7380943298339844,0.0021279165521264076,0.07177734375,0.0,0.0
reset,True,0,T1,11264,11,20.434755325317383,1.0,-0.002178662456572056,11.417021751403809,2.7380616664886475,0.003884218167513609,0.044270833333333336,0.0,0.0
reset,True,0,T1,12288,12,18.330015182495117,1.0,-0.017577039077878,11.146212577819824,2.7356317043304443,0.0069803581573069096,0.07194010416666667,0.0,0.0
reset,True,0,T1,13312,13,18.290353775024414,1.0,0.00262460857629776,11.3676118850708,2.7330877780914307,0.00541824521496892,0.016764322916666668,0.0,0.0
reset,True,0,T1,14336,14,15.987810134887695,1.0,-0.005893373861908913,11.297856330871582,2.7324750423431396,0.002590199699625373,0.027180989583333332,0.0,0.0
reset,True,0,T1,15360,15,19.545427322387695,1.0,-0.005751211196184158,10.391325950622559,2.7319185733795166,0.0027032289654016495,0.014811197916666666,0.0,0.0
reset,True,0,T1,16384,16,16.471553802490234,1.0,-0.01991870626807213,9.729196548461914,2.731513738632202,0.010514155961573124,0.057779947916666664,0.0,0.0
reset,True,0,T1,17408,17,19.232091903686523,1.0,-0.00026324763894081116,8.546944618225098,2.7311975955963135,0.00033194408752024174,0.0016276041666666667,0.0,0.0
reset,True,0,T1,18432,18,17.137332916259766,1.0,-0.008695520460605621,9.532387733459473,2.7304704189300537,0.007797047961503267,0.044108072916666664,0.0,0.0
reset,True,0,T1,19456,19,18.06440544128418,1.0,-0.0006730407476425171,9.26203441619873,2.7301409244537354,0.0019267166499048471,0.016438802083333332,0.0,0.0
reset,True,0,T1,20480,20,18.835411071777344,1.0,-0.004688527435064316,9.277409553527832,2.729530096054077,0.006939788348972797,0.009602864583333334,0.0,0.0
reset,True,0,T1,21504,21,16.829561233520508,1.0,0.0015562502667307854,7.617207050323486,2.7289927005767822,0.007302463054656982,0.025716145833333332,0.0,0.0
reset,True,0,T1,22528,22,16.9528865814209,1.0,-0.011628087610006332,8.056137084960938,2.728851556777954,0.006990346126258373,0.037434895833333336,0.0,0.0
reset,True,0,T1,23552,23,16.51531982421875,1.0,-0.003303349018096924,7.098245620727539,2.728803873062134,0.0013828088995069265,0.0,0.0,0.0
reset,True,0,T1,24576,24,18.345653533935547,1.0,-0.010746479965746403,7.255950927734375,2.728767156600952,0.0044489046558737755,0.00927734375,0.0,0.0
reset,True,0,T1,25600,25,17.903806686401367,1.0,0.0007592272013425827,7.132108688354492,2.7288320064544678,0.0003868737258017063,0.0,0.0,0.0
reset,True,0,T1,26624,26,19.58670425415039,1.0,-0.0003525353968143463,6.9085493087768555,2.7287099361419678,0.0007781418971717358,0.0,0.0,0.0
reset,True,0,T1,27648,27,16.2979679107666,1.0,-0.0006364732980728149,6.765137195587158,2.728714942932129,0.0002071787603199482,0.0,0.0,0.0
reset,True,0,T1,28672,28,15.609842300415039,1.0,0.00037573184818029404,7.115511894226074,2.7287333011627197,2.37245112657547e-05,0.0,0.0,0.0
reset,True,0,T1,29696,29,19.028581619262695,1.0,-0.0011291662231087685,6.9042487144470215,2.7287025451660156,8.129398338496685e-05,0.0,0.0,0.0
reset,True,0,T3,1024,1,0.6901755928993225,0.0,-0.03455497324466705,0.02106383442878723,2.759561777114868,0.005968466866761446,0.21809895833333334,0.0,0.0
reset,True,0,T3,2048,2,1.1362462043762207,0.0,-0.03976655751466751,0.029866140335798264,2.7657887935638428,0.02692699246108532,0.23111979166666666,0.0,0.0
reset,True,0,T3,3072,3,2.19271183013916,0.0,-0.017412172630429268,0.6283987164497375,2.7689497470855713,0.00880096573382616,0.21077473958333334,0.0,0.0
reset,True,0,T3,4096,4,6.074003219604492,0.0,-0.0011494634672999382,0.7600225806236267,2.7730748653411865,0.017940256744623184,0.13199869791666666,0.0,0.0
reset,True,0,T3,5120,5,22.499753952026367,1.0,-0.01445571705698967,5.850811004638672,2.7758677005767822,0.0065444051288068295,0.11181640625,0.0,0.0
reset,True,0,T3,6144,6,16.847434997558594,0.0,-0.011994076892733574,8.04737663269043,2.7675955295562744,0.00599729735404253,0.10416666666666667,0.0,0.0
reset,True,0,T3,7168,7,20.82399559020996,1.0,-0.006673232186585665,13.531461715698242,2.757347345352173,0.0017197851557284594,0.05810546875,0.0,0.0
reset,True,0,T3,8192,8,21.134403228759766,0.0,-0.012833038344979286,13.153844833374023,2.7569074630737305,0.005774100311100483,0.08414713541666667,0.0,0.0
reset,True,0,T3,9216,9,28.108732223510742,1.0,-0.002950664609670639,14.481622695922852,2.7563705444335938,0.011018645018339157,0.059733072916666664,0.0,0.0
reset,True,0,T3,10240,10,20.139400482177734,1.0,-0.0006624022498726845,13.521635055541992,2.752509832382202,0.004161402583122253,0.08561197916666667,0.0,0.0
reset,True,0,T3,11264,11,18.733211517333984,1.0,-0.0057116299867630005,14.459522247314453,2.751586675643921,0.005398040637373924,0.048665364583333336,0.0,0.0
reset,True,0,T3,12288,12,18.588214874267578,1.0,-0.012250780127942562,13.398096084594727,2.753316640853882,0.004751077853143215,0.04931640625,0.0,0.0
reset,True,0,T3,13312,13,19.11566162109375,1.0,-0.009102215990424156,11.3245849609375,2.753539800643921,0.0068748714402318,0.0205078125,0.0,0.0
reset,True,0,T3,14336,14,15.99603271484375,1.0,0.0058347489684820175,11.801998138427734,2.752368927001953,0.0080482242628932,0.034342447916666664,0.0,0.0
reset,True,0,T3,15360,15,18.32267951965332,1.0,0.010594235733151436,10.934492111206055,2.75160813331604,0.009066940285265446,0.038736979166666664,0.0,0.0
reset,True,0,T3,16384,16,15.971518516540527,1.0,0.003987397998571396,10.296969413757324,2.750896453857422,0.00590940797701478,0.00927734375,0.0,0.0
reset,True,0,T3,17408,17,18.298219680786133,1.0,-0.006481628865003586,9.612918853759766,2.750150442123413,0.010727325454354286,0.032389322916666664,0.0,0.0
reset,True,0,T3,18432,18,19.09067153930664,1.0,0.0033836662769317627,9.33318042755127,2.74930739402771,0.004294465761631727,0.006184895833333333,0.0,0.0
reset,True,0,T3,19456,19,16.150218963623047,1.0,-0.01569308713078499,9.522390365600586,2.7485411167144775,0.006845496594905853,0.044270833333333336,0.0,0.0
reset,True,0,T3,20480,20,15.925555229187012,1.0,-0.010168768465518951,8.646291732788086,2.747101068496704,0.008422710001468658,0.027669270833333332,0.0,0.0
reset,True,0,T3,21504,21,15.96887493133545,1.0,0.0004912381991744041,8.53287410736084,2.7467992305755615,0.0005078641697764397,0.0,0.0,0.0
reset,True,0,T3,22528,22,17.848848342895508,1.0,-0.007961989380419254,8.93879222869873,2.7473509311676025,0.006123739294707775,0.006022135416666667,0.0,0.0
reset,True,0,T3,23552,23,15.572187423706055,1.0,-0.007756779436022043,8.154319763183594,2.747657537460327,0.004664069041609764,0.004231770833333333,0.0,0.0
reset,True,0,T3,24576,24,17.10811996459961,1.0,-0.00023706257343292236,7.8693342208862305,2.747579336166382,0.0028323885053396225,0.0048828125,0.0,0.0
reset,True,0,T3,25600,25,15.589034080505371,1.0,-0.0012361034750938416,7.193069934844971,2.7472689151763916,0.0002783068921416998,0.0,0.0,0.0
reset,True,0,T3,26624,26,17.372657775878906,1.0,-0.00304553285241127,7.501953125,2.7472150325775146,0.0015184555668383837,0.0,0.0,0.0
reset,True,0,T3,27648,27,16.688980102539062,1.0,-0.0006035864353179932,7.11366081237793,2.747405767440796,0.0013939314521849155,0.0,0.0,0.0
reset,True,0,T3,28672,28,16.99734115600586,1.0,-0.0028534717857837677,7.13033390045166,2.7474324703216553,0.0005465180147439241,0.0,0.0,0.0
reset,True,0,T3,29696,29,16.75022315979004,1.0,-0.0007204189896583557,6.9043121337890625,2.7474591732025146,0.0001445047091692686,0.0,0.0,0.0
